Student_ID,Gender,Age,Department,Year_of_Study,Attendance_Percentage,Study_Hours_Per_Day,Previous_CGPA,Assignment_Completion_Rate,Online_Resources_Used,Extracurricular_Activities,Sleep_Hours,Family_Income_Category,Internet_Access,Mental_Health_Score,Part_Time_Job,Distance_From_College_KM,Final_Grade,Performance_Score
S0001,Male,18,Civil,1,73.1,7.9,8.36,81.1,Yes,2,7.5,Low,Yes,8.3,No,7.2,D,35.6
S0002,Female,20,BBA,3,84.7,4.1,9.4,,No,1,5.4,Medium,Yes,2.7,Yes,3.1,C,48.1
S0003,Female,22,Electrical,4,86.9,6.5,7.19,66.6,No,2,5.4,Medium,No,10.0,No,3.5,C,59.0
S0004,Female,21,BBA,2,86.3,6.7,9.26,,Yes,2,6.7,High,Yes,7.9,No,4.2,C,50.5
S0005,Male,22,Civil,1,65.8,2.1,6.24,62.3,No,2,6.8,Low,No,8.7,Yes,7.0,D,33.8
S0006,Male,21,MBA,1,,4.8,6.46,56.1,Yes,1,8.1,Medium,Yes,6.8,No,11.6,D,42.1
S0007,Male,21,Mechanical,1,81.6,7.1,8.93,80.8,Yes,4,5.6,Medium,Yes,6.2,No,20.4,D,41.5
S0008,Female,22,MBA,2,76.5,3.4,7.27,61.4,Yes,3,6.0,Medium,Yes,5.9,No,4.4,C,52.0
S0009,Female,19,BBA,3,67.0,0.8,5.34,56.2,Yes,0,9.9,Medium,Yes,5.5,Yes,3.0,D,34.3
S0010,Female,20,Mechanical,1,77.4,4.1,7.42,80.3,Yes,1,4.3,Medium,Yes,6.4,Yes,5.8,B,60.0
S0011,Male,19,Computer Science,3,73.6,4.1,6.2,82.7,Yes,1,4.1,Medium,Yes,4.2,No,23.5,D,41.2
S0012,Other,25,Electronics,4,85.0,5.6,7.31,52.7,No,1,4.8,Low,No,7.1,No,1.1,C,58.0
S0013,Female,23,MBA,2,61.6,2.1,4.08,49.0,No,4,7.8,Medium,Yes,,Yes,12.3,F,9.0
S0014,Male,17,Civil,3,57.1,2.2,4.75,48.8,Yes,0,6.0,Low,Yes,6.5,No,7.5,F,28.9
S0015,Male,21,Computer Science,2,74.6,3.0,7.39,,No,4,6.0,Medium,No,7.6,Yes,2.8,D,39.3
S0016,Male,23,Electronics,3,77.3,3.9,6.69,61.0,Yes,0,5.3,Medium,Yes,5.6,No,4.9,D,44.5
S0017,Male,18,Civil,2,85.7,4.1,6.86,78.8,Yes,2,7.6,Medium,Yes,8.7,No,3.5,D,41.9
S0018,Female,20,Electrical,2,65.9,4.9,7.47,53.7,No,1,4.9,High,No,4.9,No,22.0,C,48.2
S0019,Male,23,Civil,1,64.4,5.0,,60.3,Yes,1,5.8,High,Yes,3.7,No,7.6,F,24.0
S0020,Male,17,Mechanical,2,77.8,4.0,,62.4,No,3,5.4,High,Yes,8.8,No,9.3,D,44.8
S0021,Female,21,Mechanical,1,65.7,4.3,5.9,61.6,No,1,3.3,Medium,No,7.1,No,10.0,D,33.4
S0022,Male,19,Electrical,2,79.7,6.6,7.61,85.8,Yes,2,5.9,Medium,Yes,5.6,No,11.2,B,71.2
S0023,Male,23,Computer Science,1,70.9,2.7,4.58,40.8,No,0,6.4,Medium,No,7.1,No,7.8,D,33.0
S0024,Male,24,Electronics,4,74.0,3.8,6.28,69.2,Yes,0,5.6,High,Yes,4.0,No,1.2,D,39.2
S0025,Male,23,Civil,3,81.6,6.9,8.56,78.3,Yes,1,6.2,Medium,Yes,6.6,No,5.1,C,53.0
S0026,Female,20,Mechanical,2,70.7,3.6,6.22,55.6,No,4,6.2,High,Yes,5.4,Yes,3.0,D,41.9
S0027,Male,22,Computer Science,1,71.9,3.5,7.15,67.7,Yes,4,6.3,High,Yes,,Yes,12.4,F,16.9
S0028,Female,22,Electrical,4,81.5,8.2,8.47,76.5,No,1,5.2,Medium,Yes,8.8,No,1.6,B,60.3
S0029,Female,19,BBA,3,78.9,3.6,7.54,70.3,Yes,1,5.2,Low,Yes,7.6,Yes,9.3,C,46.7
S0030,Male,22,MBA,3,85.0,6.3,8.82,84.6,Yes,1,6.6,Low,No,,Yes,3.4,B,61.1
S0031,Female,17,BBA,1,74.8,8.3,8.1,69.5,No,3,4.7,High,Yes,2.2,No,30.7,C,56.3
S0032,Male,20,BBA,2,78.6,2.0,6.24,67.4,Yes,0,6.2,Low,Yes,5.4,Yes,5.1,D,40.6
S0033,Male,19,Mechanical,1,75.1,3.1,5.88,42.6,No,0,8.5,High,Yes,,No,4.9,C,45.7
S0034,Female,18,Electrical,1,71.0,5.1,6.59,63.8,Yes,2,6.5,Medium,Yes,3.8,No,26.7,D,39.7
S0035,Other,18,Civil,3,,5.1,7.41,67.7,Yes,3,4.3,Medium,Yes,4.1,No,6.4,D,43.4
S0036,Female,21,BBA,3,80.3,2.7,7.64,71.9,Yes,0,6.7,High,Yes,3.6,Yes,33.9,D,37.0
S0037,Male,19,BBA,3,84.2,5.2,7.26,74.5,Yes,1,7.5,Medium,No,9.7,No,1.2,C,47.5
S0038,Male,21,Electronics,4,,1.0,5.61,68.7,Yes,1,5.5,Medium,No,4.1,Yes,4.7,D,42.0
S0039,Female,18,Mechanical,3,69.2,4.1,5.79,68.4,Yes,0,6.1,Medium,Yes,3.1,No,12.0,C,53.7
S0040,Male,19,Mechanical,2,80.6,5.6,7.18,76.5,Yes,4,5.4,Medium,No,5.7,No,23.2,C,46.8
S0041,Male,20,Civil,2,88.7,8.0,9.21,87.1,Yes,0,5.9,Medium,Yes,5.8,No,4.0,C,58.9
S0042,Female,21,MBA,4,65.0,5.0,5.58,51.9,No,0,5.7,Low,Yes,3.9,No,27.7,C,47.2
S0043,Male,19,Computer Science,1,,4.5,6.68,60.0,No,1,7.0,High,Yes,8.4,No,10.0,C,53.7
S0044,Female,20,Electronics,4,81.1,6.6,6.44,54.9,Yes,0,8.5,High,Yes,9.3,No,17.1,C,48.8
S0045,Male,22,Mechanical,3,79.8,4.0,5.74,76.3,Yes,1,6.6,Low,No,5.2,No,6.1,D,37.6
S0046,Female,20,Electronics,1,74.5,2.3,5.76,62.3,Yes,1,4.6,Medium,Yes,3.1,No,3.4,C,49.8
S0047,Male,19,Mechanical,2,76.8,3.7,6.9,79.1,Yes,1,9.5,Medium,Yes,6.8,No,25.2,D,42.7
S0048,Female,17,Electronics,4,,4.9,8.26,75.9,Yes,1,7.2,Low,Yes,7.8,No,28.1,C,48.4
S0049,Female,22,Electrical,2,65.6,4.0,4.36,65.8,Yes,2,7.4,High,Yes,,No,7.9,D,38.6
S0050,Male,17,BBA,4,81.6,7.6,8.97,76.6,Yes,2,6.4,Low,Yes,6.7,No,1.1,B,63.3
S0051,Other,22,Mechanical,4,,3.8,6.37,56.4,Yes,0,6.8,Low,No,4.3,Yes,2.2,C,46.8
S0052,Female,20,Electronics,2,76.1,3.3,6.48,,Yes,0,6.1,Medium,Yes,5.9,No,9.5,C,53.1
S0053,Female,23,Computer Science,2,77.0,6.2,7.47,68.5,No,0,7.6,Medium,Yes,6.8,No,1.2,C,48.8
S0054,Female,21,Electrical,4,64.6,6.8,7.91,76.7,No,0,5.9,Medium,Yes,4.4,No,6.1,C,51.2
S0055,Female,25,Electrical,3,84.7,5.6,6.42,68.5,Yes,4,7.1,Medium,Yes,7.1,No,4.6,C,47.9
S0056,Female,19,Computer Science,1,77.4,4.9,7.49,81.0,Yes,1,7.7,Medium,Yes,6.4,No,13.5,C,57.8
S0057,Male,21,Electronics,1,64.0,3.8,5.16,67.1,Yes,2,8.0,Medium,Yes,6.7,No,1.6,D,32.7
S0058,Male,20,Civil,2,80.7,3.3,8.25,67.3,No,1,7.7,Low,No,4.9,Yes,7.7,D,44.9
S0059,Male,20,Computer Science,4,78.5,5.2,7.75,68.7,Yes,0,5.3,Medium,Yes,6.8,No,9.7,C,50.0
S0060,Male,20,Electronics,4,81.2,2.2,7.8,73.7,Yes,2,8.4,Low,No,8.7,Yes,10.6,C,52.1
S0061,Male,22,Computer Science,3,68.4,5.2,6.02,73.0,Yes,1,7.3,Low,Yes,5.7,No,6.2,C,53.0
S0062,Male,25,Computer Science,1,77.3,5.7,8.52,66.8,No,0,6.9,Medium,No,5.6,No,4.6,C,56.2
S0063,Female,21,Mechanical,1,88.7,,7.39,69.7,No,2,7.0,Low,No,5.3,No,12.5,C,53.7
S0064,Male,20,Electronics,4,72.0,5.3,7.35,81.7,Yes,2,6.3,Low,Yes,6.5,No,19.8,C,47.6
S0065,Male,20,Civil,1,72.2,5.3,7.42,63.5,No,0,5.9,Low,Yes,6.2,No,12.8,D,39.9
S0066,Female,21,BBA,1,69.3,5.6,7.09,61.9,Yes,1,6.1,High,Yes,4.8,No,27.9,D,44.9
S0067,Male,19,Mechanical,1,83.3,6.7,7.1,52.7,No,2,8.0,High,Yes,7.2,No,13.6,C,47.3
S0068,Female,18,Computer Science,3,86.9,4.2,7.38,85.9,Yes,0,6.6,Medium,Yes,7.4,No,15.5,C,49.2
S0069,Male,19,BBA,4,75.1,5.7,8.67,62.0,No,1,6.8,High,Yes,2.9,No,2.8,C,45.7
S0070,Other,19,MBA,1,69.9,3.4,6.2,68.4,No,3,6.6,Medium,Yes,3.5,No,6.4,C,56.2
S0071,Female,19,BBA,2,68.1,,6.29,54.9,No,5,5.7,Medium,No,,No,7.6,C,49.2
S0072,Male,19,Computer Science,3,87.4,3.8,7.91,79.1,No,2,3.9,Low,No,5.1,Yes,4.0,C,46.3
S0073,Male,17,Computer Science,4,82.1,4.4,8.15,80.4,Yes,0,7.4,Medium,Yes,7.2,No,8.5,D,35.9
S0074,Female,17,Electronics,1,77.5,5.1,6.64,70.0,No,1,7.3,Medium,No,9.0,No,4.4,D,44.8
S0075,Female,25,Electronics,2,89.4,6.9,9.91,87.3,No,2,6.5,Medium,No,7.1,No,12.6,B,67.0
S0076,Female,20,Mechanical,2,79.9,3.8,6.34,66.9,Yes,2,5.2,Medium,Yes,8.9,No,7.4,D,30.4
S0077,Female,19,Civil,4,81.2,5.0,6.88,73.1,Yes,3,8.7,Medium,Yes,8.9,No,7.1,C,59.7
S0078,Male,21,Mechanical,2,85.2,7.3,8.52,,No,2,6.1,Medium,No,6.7,No,42.1,B,65.7
S0079,Male,19,Electrical,1,74.4,7.1,8.42,90.0,No,3,6.8,High,Yes,5.7,No,6.0,C,53.4
S0080,Male,23,Computer Science,3,74.0,4.8,6.38,64.8,Yes,4,5.7,Medium,Yes,5.5,No,5.5,C,45.2
S0081,Female,21,BBA,3,81.6,4.7,7.3,65.1,Yes,2,4.9,Medium,No,5.8,No,4.8,D,42.2
S0082,Female,18,MBA,1,73.4,4.7,6.43,69.2,Yes,0,7.2,Medium,Yes,7.7,No,23.5,D,43.1
S0083,Male,20,Computer Science,4,77.2,2.6,7.39,68.9,Yes,1,4.7,Medium,Yes,,Yes,7.9,D,44.5
S0084,Male,22,Computer Science,1,79.6,4.7,7.18,70.5,Yes,0,6.8,Medium,Yes,6.3,No,10.2,C,48.8
S0085,Male,23,Mechanical,2,79.0,3.9,6.92,74.8,Yes,0,6.8,Low,Yes,4.6,Yes,3.0,D,36.0
S0086,Male,20,MBA,2,71.9,5.1,5.63,65.8,Yes,1,5.2,Medium,Yes,6.4,No,8.8,F,29.1
S0087,Female,20,MBA,3,80.4,5.4,7.85,75.3,Yes,2,4.9,Low,Yes,4.8,No,4.2,C,51.9
S0088,Female,18,MBA,2,72.8,5.0,6.29,62.6,Yes,1,5.6,Medium,Yes,4.6,No,14.1,D,39.3
S0089,Female,25,Mechanical,4,81.8,7.0,9.13,74.3,Yes,3,5.7,Medium,Yes,6.2,No,18.9,C,57.4
S0090,Male,19,Computer Science,3,,4.4,6.58,68.6,No,3,4.7,Medium,Yes,6.7,No,13.5,D,31.2
S0091,Male,23,Mechanical,3,80.7,6.1,7.22,71.6,No,2,5.1,Low,No,,No,14.1,D,44.5
S0092,Female,20,Electronics,3,78.6,7.7,8.61,74.7,Yes,0,6.6,Medium,Yes,8.2,No,8.2,C,49.6
S0093,Female,20,Electronics,3,80.2,3.7,7.3,76.2,No,3,8.9,Low,No,8.9,Yes,13.5,C,48.3
S0094,Female,20,Mechanical,1,89.8,4.3,7.68,72.3,Yes,1,7.7,High,Yes,4.5,No,6.5,C,49.4
S0095,Female,19,MBA,2,77.8,3.5,8.1,76.0,Yes,3,6.7,High,Yes,3.6,Yes,11.5,C,45.5
S0096,Female,18,Computer Science,4,72.8,4.6,5.8,62.3,Yes,3,7.9,High,Yes,7.5,No,4.0,C,46.7
S0097,Female,19,Mechanical,1,79.6,,7.87,66.7,No,2,7.9,Medium,No,8.0,No,1.7,C,57.2
S0098,Male,18,Mechanical,3,86.8,5.6,8.34,76.6,Yes,1,6.1,Medium,Yes,8.8,Yes,6.3,B,67.1
S0099,Male,21,Mechanical,4,85.5,6.9,8.99,73.8,Yes,2,6.8,Low,Yes,6.1,No,7.2,C,55.4
S0100,Male,19,Electrical,1,79.6,2.4,6.81,66.9,No,0,7.7,Low,No,6.3,Yes,4.0,F,22.5
S0101,Male,18,Electronics,3,83.8,4.7,8.06,67.0,Yes,3,7.8,Medium,Yes,5.3,No,14.0,B,65.0
S0102,Female,24,BBA,2,81.3,4.1,,75.4,Yes,1,7.8,Medium,Yes,4.4,No,1.8,C,52.2
S0103,Male,22,MBA,2,72.1,5.8,6.97,69.9,Yes,1,5.3,High,Yes,5.6,No,3.5,C,49.0
S0104,Female,23,Civil,1,78.9,5.1,,57.7,No,1,7.9,Low,No,10.0,No,14.8,C,48.7
S0105,Female,25,BBA,1,80.0,4.1,,72.0,Yes,5,8.7,High,Yes,6.9,No,6.7,B,70.3
S0106,Male,18,MBA,3,91.0,7.9,9.03,83.1,Yes,2,8.3,Medium,Yes,5.9,No,13.2,C,59.0
S0107,Male,19,Civil,3,78.7,3.0,7.5,68.2,No,0,5.2,Medium,Yes,5.8,Yes,9.4,C,56.8
S0108,Female,21,Electrical,3,63.4,,7.34,65.7,Yes,2,4.9,Low,Yes,1.4,Yes,31.1,F,28.8
S0109,Male,21,Mechanical,2,76.5,4.5,5.85,70.4,Yes,1,7.1,Low,Yes,7.4,No,10.1,C,45.5
S0110,Male,18,Electrical,1,96.6,4.8,8.22,71.5,Yes,1,8.3,Medium,Yes,8.8,No,1.1,B,73.0
S0111,Male,22,Electrical,3,77.3,4.4,8.79,70.4,Yes,4,6.8,Medium,Yes,,No,5.4,C,47.5
S0112,Male,19,BBA,1,78.2,4.1,7.2,67.1,No,4,6.2,Low,Yes,8.3,No,2.5,D,30.8
S0113,Female,19,Computer Science,4,84.8,6.0,9.96,92.6,Yes,1,6.4,Medium,Yes,7.0,No,26.9,B,61.5
S0114,Female,20,BBA,4,77.5,5.1,7.07,59.7,No,3,7.7,High,No,9.8,No,2.1,D,41.5
S0115,Female,20,Electronics,3,72.0,2.6,5.36,72.1,Yes,4,6.1,High,Yes,3.3,No,5.9,D,41.8
S0116,Female,20,Civil,4,75.3,5.2,7.25,63.4,Yes,3,7.1,High,No,7.0,No,3.6,D,44.8
S0117,Female,18,Mechanical,1,79.5,4.9,5.44,55.1,Yes,1,6.3,Medium,Yes,7.5,No,19.8,B,65.5
S0118,Male,22,BBA,3,76.6,6.6,8.1,69.8,No,1,5.4,Low,Yes,3.1,No,4.7,C,52.2
S0119,Female,19,Civil,2,76.7,4.5,7.18,71.4,Yes,2,5.3,Medium,Yes,7.5,No,49.2,C,55.6
S0120,Female,18,MBA,4,87.3,,8.45,76.9,No,0,7.1,Medium,No,6.2,Yes,1.4,D,40.9
S0121,Female,22,Civil,1,80.7,4.9,6.02,59.2,Yes,1,3.3,Low,Yes,6.7,Yes,2.4,D,36.3
S0122,Female,24,MBA,3,80.1,6.6,7.1,69.6,Yes,1,7.1,Low,Yes,7.7,No,3.5,D,42.1
S0123,Male,22,BBA,4,74.8,4.8,7.34,75.7,No,4,6.3,Medium,No,8.3,No,17.7,F,27.0
S0124,Male,22,Electronics,1,,5.3,8.04,67.3,No,1,7.6,Low,Yes,4.2,Yes,22.1,C,51.2
S0125,Male,21,BBA,2,79.6,4.0,5.45,62.9,No,1,7.2,Low,No,7.9,No,1.7,D,38.2
S0126,Male,20,MBA,3,60.1,,6.36,68.3,Yes,1,6.6,Low,Yes,3.1,No,1.3,F,20.8
S0127,Female,18,Civil,2,63.8,6.8,6.3,55.4,No,1,5.2,Low,No,6.6,No,14.6,D,37.2
S0128,Female,20,Civil,1,73.9,4.9,5.19,71.2,Yes,3,5.3,Medium,Yes,6.4,No,2.4,C,51.3
S0129,Male,19,MBA,1,83.9,7.4,8.09,69.2,No,1,5.7,Medium,No,5.3,No,2.4,B,62.1
S0130,Female,19,Electrical,1,85.7,4.5,7.17,67.1,No,4,7.5,Medium,No,5.9,No,1.2,C,52.1
S0131,Male,21,Electronics,4,78.3,6.2,7.35,70.2,No,0,8.6,Low,Yes,5.9,Yes,1.5,D,44.8
S0132,Male,20,Computer Science,2,70.8,4.6,6.87,71.9,Yes,4,6.9,Low,Yes,6.0,No,4.1,B,60.4
S0133,Male,18,Mechanical,1,72.5,4.3,5.93,50.4,No,0,5.8,Medium,Yes,6.3,No,1.7,C,46.4
S0134,Male,19,Civil,2,75.4,4.3,5.95,68.7,Yes,0,5.9,Medium,Yes,9.3,No,5.6,D,34.8
S0135,Female,21,Mechanical,2,82.1,6.7,8.97,83.5,Yes,0,6.0,Medium,No,7.4,No,18.9,B,60.4
S0136,Male,18,Computer Science,1,77.0,5.7,7.23,64.2,Yes,1,7.7,Medium,Yes,6.2,No,5.0,C,49.3
S0137,Female,22,BBA,2,80.5,5.1,6.38,47.3,No,2,5.9,High,Yes,6.8,No,14.0,C,48.3
S0138,Female,20,Mechanical,2,82.0,,7.24,74.2,Yes,0,6.4,Low,Yes,6.6,Yes,2.0,C,48.8
S0139,Male,20,Computer Science,2,79.4,3.6,6.23,69.0,Yes,0,8.1,Medium,Yes,6.1,No,11.8,D,41.8
S0140,Other,20,MBA,3,76.9,3.6,5.72,54.6,No,2,5.8,Medium,Yes,7.1,No,4.8,C,51.2
S0141,Other,22,Electrical,1,65.8,4.0,5.97,56.1,No,3,7.2,Medium,Yes,4.6,No,14.9,F,28.9
S0142,Male,19,Civil,3,80.2,3.5,6.64,67.4,No,3,7.6,Low,Yes,5.3,Yes,2.5,D,38.8
S0143,Female,21,Computer Science,2,67.7,5.2,5.48,53.4,Yes,5,6.6,Medium,Yes,3.2,No,23.8,C,47.5
S0144,Male,20,Mechanical,2,78.3,5.0,,68.9,Yes,0,8.8,Medium,Yes,6.9,No,3.8,B,68.4
S0145,Male,19,Civil,3,73.1,0.0,6.21,65.2,Yes,1,8.5,Low,Yes,,Yes,5.4,D,32.3
S0146,Male,22,Electrical,2,67.0,5.4,5.71,57.7,No,1,6.8,Low,No,5.1,No,31.0,F,27.4
S0147,Female,21,MBA,4,69.4,2.5,6.93,72.4,Yes,0,5.5,Low,Yes,6.5,Yes,9.6,C,46.6
S0148,Female,21,BBA,3,89.8,3.3,6.53,69.8,Yes,1,5.6,High,Yes,6.0,No,5.6,C,50.3
S0149,Male,22,Civil,2,80.8,6.0,7.79,64.9,No,0,6.8,Low,No,6.4,Yes,30.9,C,57.7
S0150,Male,22,BBA,3,88.6,5.5,8.45,72.2,Yes,1,5.2,High,Yes,8.7,No,5.0,C,58.1
S0151,Female,21,Computer Science,3,77.2,5.0,6.43,66.5,Yes,0,6.8,Medium,Yes,9.6,No,2.0,C,56.6
S0152,Male,22,Electrical,1,78.5,5.6,8.82,75.0,Yes,3,8.5,High,Yes,7.0,No,50.0,C,58.3
S0153,Male,21,Mechanical,1,86.3,9.2,9.94,95.8,Yes,2,6.6,High,Yes,6.8,No,4.1,B,66.4
S0154,Female,21,Electrical,1,74.5,5.3,6.79,74.9,Yes,0,6.5,Medium,Yes,5.5,No,20.1,C,54.0
S0155,Other,20,Electrical,4,73.9,0.4,4.67,51.1,No,0,7.5,Low,No,8.3,Yes,2.8,D,39.9
S0156,Male,21,Electronics,3,69.1,0.0,5.01,65.1,Yes,4,7.1,Low,Yes,8.0,Yes,14.1,F,24.9
S0157,Female,18,Electrical,4,72.3,4.6,6.04,54.9,No,2,5.1,Low,Yes,4.6,No,8.4,D,36.7
S0158,Female,22,Electrical,3,65.3,4.7,5.99,56.1,Yes,2,6.0,Medium,Yes,4.9,No,40.6,F,25.9
S0159,Male,22,Civil,2,79.9,5.7,6.93,60.9,No,2,8.8,Low,Yes,9.8,No,9.0,C,49.0
S0160,Female,17,Mechanical,1,73.5,3.0,7.81,69.8,Yes,0,6.9,Low,Yes,4.0,Yes,1.3,C,45.6
S0161,Male,22,Civil,3,64.3,3.0,,56.3,Yes,3,5.3,Medium,Yes,5.6,No,10.3,D,33.7
S0162,Female,18,Civil,3,74.7,2.8,7.64,53.1,Yes,0,6.3,High,Yes,7.0,No,2.6,D,33.9
S0163,Female,19,Computer Science,4,67.8,2.2,6.47,67.2,Yes,2,4.4,Low,Yes,4.7,Yes,17.0,F,16.5
S0164,Female,21,Civil,1,94.5,5.3,8.97,78.4,No,3,4.3,Low,No,8.6,No,20.4,C,56.5
S0165,Male,18,Electronics,2,71.7,2.8,5.74,56.8,No,0,7.7,Low,No,9.2,No,7.6,D,41.4
S0166,Female,22,Electronics,3,58.9,,6.26,59.8,No,3,6.5,High,Yes,4.2,No,16.3,D,33.5
S0167,Male,22,BBA,3,78.3,3.6,6.95,61.0,No,0,7.1,Medium,Yes,5.4,Yes,2.6,C,52.1
S0168,Male,20,Computer Science,2,79.8,3.5,5.9,70.4,Yes,3,7.9,Low,Yes,8.4,No,7.8,C,46.2
S0169,Male,17,BBA,3,86.0,4.7,8.05,85.3,Yes,4,6.9,Low,Yes,4.9,Yes,6.0,D,40.3
S0170,Female,19,BBA,1,,5.4,5.45,50.4,No,0,7.4,Low,No,,No,10.4,D,31.6
S0171,Female,20,MBA,3,63.4,2.1,5.29,56.0,No,0,6.8,Low,No,3.3,Yes,1.5,C,49.3
S0172,Male,25,Mechanical,3,80.4,4.8,8.95,,Yes,3,8.0,High,Yes,7.7,No,14.9,B,63.0
S0173,Female,20,Mechanical,4,,4.5,5.79,62.8,Yes,2,8.6,Medium,Yes,8.9,No,1.8,C,47.4
S0174,Male,19,Civil,4,88.6,5.2,8.05,70.9,Yes,2,6.7,Medium,Yes,6.6,Yes,11.7,C,49.5
S0175,Female,20,Civil,2,74.8,3.8,6.15,58.5,Yes,2,6.7,High,Yes,9.3,No,1.2,D,44.4
S0176,Male,20,MBA,1,69.8,2.0,6.8,54.8,Yes,2,6.9,Low,Yes,3.8,Yes,18.8,D,43.2
S0177,Female,21,Civil,4,70.2,2.4,5.68,51.6,Yes,2,6.4,Medium,Yes,4.6,No,2.9,D,39.6
S0178,Male,18,Mechanical,2,66.7,,5.59,57.6,Yes,1,6.0,High,Yes,5.8,No,8.2,D,32.0
S0179,Female,21,BBA,4,79.6,4.9,8.58,76.0,Yes,2,7.8,Medium,Yes,4.3,No,4.0,B,64.4
S0180,Male,20,Electrical,1,75.6,3.5,6.17,64.3,Yes,1,6.0,Medium,No,5.8,No,13.8,F,28.9
S0181,Male,24,Electronics,3,70.7,5.4,8.16,64.3,No,1,6.0,Low,Yes,5.4,No,4.9,D,34.4
S0182,Male,19,Electrical,3,86.9,6.1,8.08,64.7,No,0,7.6,Low,No,8.7,No,13.9,C,48.6
S0183,Female,20,Electrical,4,86.2,5.3,7.71,63.3,Yes,2,7.7,Low,Yes,9.0,No,4.4,B,61.7
S0184,Female,23,Mechanical,2,,3.1,5.07,57.2,Yes,0,9.3,Medium,No,7.9,No,15.0,D,33.7
S0185,Male,18,Electrical,3,70.8,3.9,6.13,66.9,Yes,0,8.0,Medium,Yes,6.5,Yes,1.3,F,24.8
S0186,Female,23,MBA,2,75.5,4.5,8.64,73.2,Yes,3,7.5,High,Yes,7.2,Yes,4.3,C,46.7
S0187,Female,21,Computer Science,1,74.8,5.6,8.32,78.4,Yes,4,7.7,Medium,Yes,5.9,No,7.9,C,45.7
S0188,Female,18,Civil,3,84.1,7.4,7.72,76.3,Yes,0,6.3,High,Yes,5.7,No,1.5,C,55.8
S0189,Female,19,Computer Science,3,78.7,5.8,7.26,75.5,Yes,3,7.2,High,Yes,7.3,No,3.1,C,55.8
S0190,Male,21,BBA,4,76.5,2.6,6.66,58.8,No,1,7.2,Low,No,6.4,Yes,28.3,C,48.6
S0191,Male,18,Electronics,2,68.2,3.7,7.99,79.9,Yes,1,5.8,Medium,Yes,5.5,No,38.7,D,39.5
S0192,Female,20,Civil,1,69.3,,5.66,46.3,Yes,0,6.4,Low,Yes,,No,14.5,F,27.8
S0193,Female,19,Electrical,1,75.1,4.4,6.27,73.3,Yes,1,7.6,Medium,No,4.7,Yes,3.9,C,48.1
S0194,Female,20,Electronics,2,75.1,5.9,6.9,70.6,Yes,0,6.5,High,Yes,5.4,No,4.0,C,46.6
S0195,Male,17,Civil,2,86.3,4.7,7.16,79.4,Yes,0,7.2,Low,No,8.4,No,11.4,C,51.3
S0196,Male,22,MBA,3,,1.9,4.95,57.9,Yes,0,7.6,Medium,Yes,3.4,Yes,2.3,F,19.6
S0197,Female,24,MBA,2,62.8,3.8,5.5,64.2,No,0,7.5,Medium,No,6.4,No,30.6,F,24.8
S0198,Female,24,MBA,4,86.4,3.9,6.86,62.6,No,2,8.6,Medium,Yes,10.0,No,3.5,C,56.5
S0199,Female,21,MBA,4,68.2,4.3,7.34,63.2,Yes,2,5.8,Medium,Yes,5.5,No,50.0,D,34.7
S0200,Female,18,Electrical,3,87.2,5.8,8.77,90.3,Yes,1,8.5,Medium,Yes,7.6,No,7.8,B,68.3
S0201,Female,21,Computer Science,4,72.9,4.5,6.52,47.6,No,3,7.1,Low,No,10.0,No,15.8,C,46.1
S0202,Male,17,Civil,3,76.8,1.8,5.37,50.3,No,2,7.5,Low,Yes,7.1,Yes,1.0,F,28.7
S0203,Male,17,Electrical,2,80.6,7.9,,83.8,No,2,7.3,Low,No,7.9,No,23.0,B,64.3
S0204,Female,19,MBA,1,81.4,6.0,8.56,72.9,No,0,7.3,Medium,Yes,5.7,No,4.1,C,45.7
S0205,Female,20,BBA,2,71.4,2.7,5.45,53.6,No,1,5.7,Low,Yes,6.4,No,12.0,F,22.0
S0206,Male,21,Computer Science,2,83.7,6.6,8.04,63.9,No,0,7.5,High,No,,No,17.4,C,55.1
S0207,Male,21,BBA,4,77.0,7.2,7.92,82.5,Yes,1,4.8,Medium,Yes,7.5,No,2.8,C,48.8
S0208,Female,20,Electronics,2,88.4,8.2,6.19,69.7,Yes,3,9.0,Medium,No,9.6,No,6.8,C,58.4
S0209,Male,19,BBA,4,78.2,5.1,5.62,54.0,No,2,7.0,Medium,No,7.4,No,7.8,D,31.8
S0210,Male,25,Electronics,3,,3.4,6.74,49.3,No,2,7.9,Medium,No,8.0,No,4.7,C,46.7
S0211,Female,20,Electronics,1,,2.9,6.73,64.6,Yes,1,7.3,High,Yes,3.1,Yes,7.6,D,42.0
S0212,Female,20,MBA,4,75.2,8.0,7.76,67.5,No,0,6.5,Low,No,1.8,No,4.8,C,53.6
S0213,Female,18,Electronics,2,76.9,2.1,6.96,70.3,Yes,0,5.9,Low,Yes,,Yes,5.5,D,30.2
S0214,Male,21,Mechanical,2,70.8,3.4,6.9,62.2,No,2,5.6,Medium,Yes,1.3,No,12.1,F,24.4
S0215,Female,21,Civil,3,73.1,2.3,6.39,54.8,No,5,7.4,Low,No,7.1,Yes,11.0,D,38.4
S0216,Male,19,Civil,1,67.4,2.3,4.79,51.5,No,1,7.4,Low,No,7.0,No,3.6,F,28.0
S0217,Male,18,MBA,3,93.6,5.3,9.94,97.6,Yes,2,7.2,Medium,Yes,8.7,Yes,23.8,B,62.9
S0218,Female,21,Mechanical,2,68.8,4.6,7.36,62.8,Yes,2,6.4,Low,No,5.7,No,20.9,D,37.6
S0219,Female,21,BBA,2,93.2,7.1,8.91,80.6,Yes,1,7.0,Medium,Yes,,No,8.1,B,64.6
S0220,Female,19,Electrical,4,72.9,0.9,6.06,54.5,No,1,6.0,Low,Yes,4.6,Yes,6.7,D,37.7
S0221,Female,24,BBA,2,83.7,6.5,8.52,75.7,Yes,1,5.7,High,Yes,7.9,No,5.7,C,59.3
S0222,Female,18,Electrical,1,76.8,3.7,5.83,65.3,No,1,6.2,Medium,Yes,3.1,No,13.3,C,45.5
S0223,Male,20,Electronics,2,70.6,6.0,8.36,78.4,Yes,2,6.2,Medium,Yes,1.7,No,12.1,D,40.0
S0224,Male,23,Computer Science,4,82.1,6.6,7.71,76.9,No,1,8.3,Medium,Yes,7.2,No,3.2,B,67.5
S0225,Male,20,Electrical,1,76.4,7.3,9.06,89.2,No,1,4.9,High,Yes,3.3,No,12.1,B,60.3
S0226,Male,20,Computer Science,1,79.0,5.7,7.07,63.9,No,0,6.5,Low,No,5.7,No,3.9,C,52.9
S0227,Other,19,Civil,1,71.7,3.3,5.62,60.0,Yes,2,7.3,High,Yes,6.6,No,1.2,F,27.9
S0228,Male,19,Computer Science,1,71.2,3.3,7.29,76.5,Yes,2,8.9,Medium,Yes,7.6,Yes,13.0,D,38.6
S0229,Female,25,Civil,3,77.8,7.0,7.11,70.6,Yes,0,5.8,Medium,Yes,3.9,No,11.4,B,66.4
S0230,Female,20,Mechanical,3,73.8,4.8,7.17,69.0,Yes,1,5.2,Medium,Yes,6.6,No,6.3,D,33.6
S0231,Female,22,Mechanical,2,84.4,5.4,7.81,65.9,No,4,7.4,Low,No,8.9,No,8.5,B,64.0
S0232,Female,19,MBA,3,65.1,0.5,5.76,63.4,Yes,1,6.7,Medium,Yes,4.6,Yes,30.4,D,39.8
S0233,Female,19,MBA,2,74.0,4.9,5.42,72.0,Yes,1,6.2,Medium,Yes,6.7,No,10.0,C,51.6
S0234,Female,17,Electronics,4,81.6,1.9,6.37,63.6,No,1,7.0,Low,No,4.7,Yes,11.7,F,27.4
S0235,Male,21,Electrical,4,83.9,4.3,8.3,82.0,Yes,3,7.5,Medium,Yes,6.6,No,1.7,C,47.5
S0236,Female,19,Electronics,2,,3.5,7.68,71.5,No,2,7.4,Low,No,4.1,Yes,2.8,C,53.3
S0237,Male,22,Civil,4,,7.6,,90.0,Yes,2,6.9,Low,No,10.0,No,4.6,C,54.3
S0238,Male,20,Electronics,3,97.6,7.0,9.55,83.7,Yes,1,8.1,Low,No,9.5,No,8.8,A,75.3
S0239,Female,24,Computer Science,2,79.2,2.3,7.63,72.6,Yes,0,6.7,Low,Yes,8.0,Yes,16.0,C,50.1
S0240,Male,18,Civil,1,69.6,2.0,6.74,54.3,No,0,6.6,Medium,No,8.0,No,4.9,F,24.7
S0241,Female,22,MBA,2,76.7,5.6,6.74,58.0,Yes,1,7.4,Low,Yes,6.1,No,5.4,D,35.7
S0242,Female,21,Mechanical,3,69.9,3.3,6.79,58.7,No,1,5.0,High,Yes,2.2,Yes,4.0,C,48.2
S0243,Female,21,MBA,4,79.6,,6.2,73.9,Yes,1,7.2,Medium,Yes,6.5,No,3.9,C,55.1
S0244,Male,22,Electrical,3,66.2,6.1,7.32,76.8,Yes,3,6.1,Low,Yes,5.9,Yes,30.7,C,46.6
S0245,Male,21,Civil,4,73.7,3.9,7.43,76.9,Yes,2,4.9,Medium,Yes,4.5,Yes,11.1,D,44.0
S0246,Female,20,Civil,3,73.3,3.9,9.31,73.7,No,4,7.0,High,Yes,2.5,Yes,2.7,D,42.9
S0247,Male,18,Computer Science,4,72.7,6.6,,71.3,Yes,1,6.0,Medium,Yes,7.1,No,13.8,D,35.8
S0248,Other,17,Electrical,3,64.5,,5.87,61.5,No,1,4.6,Low,No,2.1,Yes,13.8,D,36.2
S0249,Other,23,Mechanical,2,69.0,4.2,5.74,81.2,Yes,5,5.5,High,Yes,5.0,No,12.0,D,43.4
S0250,Female,20,BBA,2,83.8,4.8,7.53,79.4,Yes,0,8.5,Medium,Yes,10.0,No,2.4,B,63.0
S0251,Male,21,Civil,3,73.6,4.3,7.55,67.8,Yes,5,5.8,Low,No,5.9,No,6.2,D,40.9
S0252,Male,20,Civil,1,93.7,5.8,8.95,74.0,No,3,6.9,Low,No,7.7,No,2.1,C,55.0
S0253,Female,18,Computer Science,3,76.1,6.4,6.78,63.1,No,0,5.2,Medium,No,6.4,No,18.0,C,47.1
S0254,Male,18,Electronics,1,67.0,3.7,6.8,65.3,No,0,9.0,Low,Yes,5.5,No,11.6,C,46.2
S0255,Male,21,Mechanical,2,73.8,4.4,4.34,50.7,No,2,6.6,High,Yes,7.1,No,8.1,C,52.1
S0256,Female,20,MBA,3,71.0,0.3,5.98,67.9,Yes,0,5.7,Medium,Yes,5.7,No,5.2,D,32.4
S0257,Female,19,Electrical,1,83.0,6.8,7.91,77.0,No,1,7.6,High,Yes,4.6,No,3.0,C,53.9
S0258,Female,20,Civil,1,76.1,,7.12,58.8,Yes,1,9.0,Medium,Yes,4.3,No,2.1,C,47.9
S0259,Female,18,Civil,2,71.7,2.9,7.34,71.2,Yes,1,6.0,Low,Yes,5.7,Yes,35.8,D,37.2
S0260,Male,20,MBA,4,81.4,3.8,7.93,72.3,No,1,5.7,Low,No,8.9,Yes,3.2,B,71.4
S0261,Female,19,Mechanical,1,74.3,5.4,8.01,68.8,Yes,1,9.3,Medium,Yes,5.4,No,1.6,D,32.9
S0262,Other,21,Electronics,4,66.4,1.7,6.88,58.1,No,0,6.4,Medium,No,3.3,Yes,33.6,C,51.6
S0263,Male,19,Civil,1,73.5,6.8,,68.7,Yes,1,6.2,Medium,Yes,6.5,No,9.0,C,51.1
S0264,Female,20,Mechanical,4,77.6,4.9,7.33,80.6,Yes,0,3.9,Low,Yes,3.4,No,16.9,C,51.0
S0265,Female,17,MBA,4,91.3,,9.47,81.1,No,2,6.5,Low,Yes,9.2,Yes,1.4,C,47.9
S0266,Female,18,Computer Science,2,81.7,6.3,8.71,,Yes,1,4.9,Low,Yes,4.2,No,9.4,C,48.5
S0267,Female,19,Electronics,2,73.4,3.7,6.66,69.9,No,1,5.8,Medium,Yes,4.9,No,6.1,D,42.6
S0268,Female,20,Electrical,2,70.0,4.3,6.09,59.2,No,1,4.1,Low,Yes,4.4,No,15.8,C,48.5
S0269,Male,20,Civil,3,69.2,3.1,6.56,51.6,No,2,8.0,Medium,No,9.0,No,1.4,D,44.9
S0270,Male,19,Mechanical,1,83.3,4.0,7.16,79.0,Yes,1,4.7,Medium,Yes,9.7,No,6.1,B,67.0
S0271,Female,21,Computer Science,1,80.5,5.2,6.3,56.4,Yes,2,4.2,High,No,4.5,No,17.0,C,46.1
S0272,Female,22,Electrical,1,94.1,4.2,9.84,84.0,No,1,5.4,Low,No,6.6,Yes,8.4,B,61.5
S0273,Female,21,BBA,2,71.6,5.5,4.73,55.5,No,2,8.0,Low,Yes,4.9,No,9.0,D,40.0
S0274,Female,17,Mechanical,1,71.4,3.6,6.28,60.9,No,3,6.0,Medium,Yes,6.7,Yes,2.0,F,29.1
S0275,Female,20,Mechanical,3,,4.5,5.87,59.6,Yes,1,6.1,Medium,Yes,8.2,Yes,2.4,D,36.7
S0276,Female,18,Electrical,4,86.1,5.9,7.49,61.7,No,2,7.1,Low,Yes,9.9,No,12.3,C,52.1
S0277,Female,19,Computer Science,2,80.3,3.2,6.76,56.8,Yes,0,6.3,High,Yes,6.0,No,12.2,D,43.6
S0278,Female,25,BBA,2,69.5,4.2,7.35,87.4,Yes,3,8.0,High,Yes,4.6,Yes,39.7,D,40.2
S0279,Female,18,MBA,2,74.7,1.9,7.07,76.7,No,2,6.2,Low,No,5.0,Yes,13.4,D,42.1
S0280,Female,20,Computer Science,4,72.1,4.8,8.07,68.7,No,0,6.2,Low,Yes,5.2,No,7.8,D,38.3
S0281,Female,20,Electronics,4,64.1,4.0,6.93,53.8,No,5,9.2,Medium,Yes,6.5,No,20.5,D,34.8
S0282,Male,21,Civil,4,79.3,3.7,7.74,68.3,Yes,3,6.6,Medium,Yes,5.4,Yes,2.1,C,52.0
S0283,Male,20,Electrical,4,76.4,3.9,6.65,53.6,No,2,6.8,Low,No,5.7,No,7.0,C,49.9
S0284,Male,17,MBA,1,69.9,2.8,5.09,61.1,No,2,6.2,Medium,Yes,7.1,No,4.4,C,49.6
S0285,Female,19,BBA,4,75.1,6.9,6.57,68.6,Yes,2,3.6,Medium,Yes,7.1,No,2.1,D,41.7
S0286,Male,20,Electrical,3,78.6,3.5,6.55,59.3,No,3,7.5,Low,No,,Yes,15.4,D,35.8
S0287,Male,18,Electrical,1,57.5,4.3,5.81,52.3,No,1,8.5,Medium,No,8.1,No,8.1,F,23.2
S0288,Female,19,Computer Science,4,83.8,5.7,7.81,73.2,Yes,1,8.0,High,Yes,9.7,No,9.1,C,53.6
S0289,Male,17,Civil,1,71.7,2.8,,52.5,Yes,1,5.8,Low,Yes,4.0,Yes,6.3,D,38.6
S0290,Female,18,Electronics,3,69.1,,6.47,61.0,Yes,3,6.3,Low,Yes,5.0,Yes,7.2,F,28.0
S0291,Male,19,Mechanical,1,,6.6,7.52,54.7,No,1,6.9,Medium,Yes,3.9,No,2.2,B,62.6
S0292,Male,18,Mechanical,2,78.2,5.0,7.66,79.9,Yes,4,6.9,High,Yes,6.7,No,12.2,D,42.9
S0293,Female,20,Electrical,3,70.5,4.8,5.69,66.8,Yes,0,7.3,High,Yes,7.7,No,6.7,C,47.3
S0294,Male,21,Civil,2,76.0,7.0,8.58,72.5,Yes,1,6.7,Medium,Yes,6.6,No,18.0,B,64.3
S0295,Male,22,BBA,2,59.9,0.9,4.32,46.1,No,4,6.1,Medium,No,4.0,No,3.2,F,19.8
S0296,Female,19,BBA,2,81.1,3.7,7.73,64.5,No,1,6.7,Medium,Yes,6.4,Yes,3.3,D,44.1
S0297,Female,18,MBA,4,76.9,4.2,5.49,47.8,No,1,7.7,Medium,No,7.5,No,11.4,D,40.6
S0298,Male,18,Computer Science,1,85.4,2.6,5.87,47.7,Yes,2,10.0,Low,Yes,8.4,Yes,19.7,D,30.9
S0299,Female,20,Civil,2,87.0,6.6,8.62,68.7,No,0,5.9,Low,Yes,5.0,No,7.4,C,59.3
S0300,Male,21,Civil,4,66.6,3.5,6.67,56.7,Yes,0,6.8,Low,Yes,7.0,No,14.0,F,22.0
S0301,Male,17,Computer Science,4,76.1,2.5,6.69,62.6,No,0,6.1,Medium,Yes,5.8,Yes,50.0,D,44.0
S0302,Female,23,BBA,2,70.6,3.3,5.32,63.2,Yes,0,6.9,Low,Yes,7.7,Yes,47.3,D,30.9
S0303,Female,18,BBA,3,81.4,0.1,7.4,84.8,Yes,3,7.7,High,Yes,7.1,No,14.6,D,35.3
S0304,Female,20,BBA,3,81.4,5.5,7.53,58.0,No,0,6.3,Low,Yes,4.8,No,14.5,D,37.5
S0305,Female,21,Electrical,4,89.2,2.2,7.15,68.7,Yes,5,4.0,Low,Yes,4.1,Yes,3.8,C,45.5
S0306,Other,22,Civil,2,78.8,5.8,8.0,74.5,Yes,1,7.7,Medium,Yes,5.3,No,18.9,C,54.0
S0307,Female,21,Mechanical,1,69.6,4.5,6.99,66.0,Yes,0,6.7,Medium,Yes,4.9,No,6.2,D,37.9
S0308,Male,22,Computer Science,1,77.5,5.2,8.51,72.1,No,0,6.1,Low,No,1.0,Yes,33.7,B,62.1
S0309,Female,19,BBA,1,100.0,3.0,8.12,76.9,No,2,5.8,Low,Yes,7.5,Yes,1.8,C,55.6
S0310,Male,22,MBA,3,84.1,4.1,7.7,51.1,No,3,6.9,High,Yes,9.3,No,6.7,C,53.3
S0311,Male,18,BBA,1,69.3,4.0,5.69,69.5,Yes,2,5.7,Low,Yes,4.7,Yes,9.1,D,40.8
S0312,Male,22,BBA,3,72.8,2.9,6.12,63.6,Yes,2,5.8,Low,Yes,6.6,No,6.2,D,30.4
S0313,Male,20,Electronics,2,82.1,3.5,8.24,71.7,No,1,5.0,High,Yes,6.1,No,3.4,D,38.5
S0314,Other,22,Electrical,1,60.0,3.1,4.87,36.4,No,1,5.7,Low,Yes,3.4,No,10.0,F,29.0
S0315,Female,20,Computer Science,4,74.0,1.2,5.77,65.1,Yes,4,7.3,Medium,Yes,8.3,Yes,15.1,D,43.9
S0316,Female,20,Electronics,2,83.7,4.8,8.88,62.1,No,2,4.8,Medium,Yes,7.1,Yes,11.4,D,35.1
S0317,Male,20,Electronics,1,75.3,,6.55,55.2,No,5,7.9,Low,No,5.4,No,3.7,D,33.4
S0318,Male,21,MBA,3,89.4,6.4,10.0,99.4,Yes,1,5.1,Low,Yes,6.4,No,14.2,C,55.0
S0319,Male,18,Civil,1,73.5,3.9,6.32,61.3,No,1,6.7,Low,No,5.3,No,4.0,F,23.6
S0320,Male,18,MBA,3,69.7,4.9,6.89,61.3,Yes,1,7.1,Low,Yes,9.4,No,2.9,F,25.8
S0321,Female,19,Civil,3,74.9,4.2,7.62,78.4,Yes,5,7.5,Low,Yes,6.4,Yes,12.7,C,54.6
S0322,Female,18,Civil,2,82.2,4.1,6.23,74.2,Yes,1,7.5,Medium,Yes,7.2,No,19.5,D,40.3
S0323,Female,22,Computer Science,3,86.5,3.9,6.84,66.5,Yes,2,6.4,Medium,Yes,9.1,No,7.6,D,43.6
S0324,Male,19,BBA,2,70.3,6.9,6.78,72.5,Yes,0,6.3,Medium,Yes,3.5,No,8.6,D,42.8
S0325,Female,24,Computer Science,2,91.3,7.9,10.0,,Yes,1,7.2,High,Yes,7.7,No,4.6,B,69.5
S0326,Female,19,Electrical,1,87.5,6.5,9.58,86.0,Yes,2,6.8,Medium,No,5.2,Yes,7.8,B,69.2
S0327,Female,18,Civil,1,80.1,4.4,7.9,79.4,Yes,1,6.1,Low,No,3.9,Yes,2.4,F,29.8
S0328,Female,21,Electronics,4,71.7,4.8,4.92,63.7,Yes,0,6.9,High,Yes,9.5,No,32.2,D,32.2
S0329,Male,21,BBA,2,,3.9,7.06,82.9,Yes,2,6.3,Low,Yes,5.6,Yes,17.1,D,42.3
S0330,Male,20,Mechanical,2,73.9,4.1,7.4,73.9,No,0,5.8,Low,No,6.2,Yes,12.0,C,47.7
S0331,Male,20,Electrical,2,88.2,5.8,7.59,75.0,No,1,6.0,Medium,No,7.3,No,8.7,A,82.9
S0332,Female,21,Computer Science,3,74.2,3.3,9.72,,Yes,1,7.1,Medium,Yes,5.9,Yes,16.7,C,55.1
S0333,Male,19,MBA,1,72.5,4.1,5.89,46.2,No,0,5.4,Medium,Yes,8.0,No,7.8,D,34.8
S0334,Male,25,Electrical,2,75.5,2.7,6.17,68.4,Yes,0,7.8,Low,No,8.4,Yes,4.6,F,29.3
S0335,Male,24,Electrical,3,70.3,3.8,6.4,52.6,No,4,5.8,Medium,Yes,5.6,No,2.7,F,22.7
S0336,Male,21,BBA,1,85.5,4.3,8.96,84.9,Yes,2,3.8,Low,Yes,6.7,Yes,11.4,C,58.9
S0337,Female,18,Electrical,1,86.0,,8.28,66.2,No,2,7.2,High,Yes,9.5,No,27.5,C,50.9
S0338,Female,21,Electrical,1,75.3,3.4,6.81,75.2,Yes,3,3.3,Low,Yes,6.4,Yes,2.7,D,36.1
S0339,Male,18,Mechanical,2,,5.0,7.34,51.6,No,0,5.3,High,Yes,4.3,No,3.0,C,53.4
S0340,Male,17,MBA,4,67.7,4.3,7.14,60.4,No,1,9.4,Medium,No,6.3,Yes,6.7,F,24.4
S0341,Female,19,MBA,1,78.5,3.6,6.41,57.6,No,1,7.8,High,Yes,8.2,No,17.4,D,42.6
S0342,Male,20,MBA,1,88.3,5.9,8.92,62.6,No,2,7.7,Medium,No,7.8,No,4.5,C,45.1
S0343,Male,22,Civil,2,79.7,5.9,6.46,69.0,No,1,5.2,Medium,Yes,3.7,Yes,3.9,C,54.9
S0344,Male,21,Electronics,3,72.0,3.2,6.06,63.9,No,1,6.3,Low,Yes,,No,10.7,F,26.2
S0345,Male,21,MBA,3,78.4,3.6,6.24,51.8,No,1,8.0,Low,No,7.9,No,8.7,C,46.6
S0346,Female,20,Electrical,2,75.5,2.3,8.15,87.4,No,2,7.3,Low,No,3.8,Yes,1.6,F,29.4
S0347,Female,19,Electrical,3,83.4,5.4,6.43,64.3,Yes,1,7.9,High,Yes,7.3,No,1.9,B,67.9
S0348,Male,19,MBA,3,74.3,4.2,5.88,47.0,No,2,8.6,High,Yes,8.6,No,11.3,C,48.7
S0349,Male,25,BBA,4,71.8,2.9,,62.7,Yes,2,7.3,Medium,Yes,7.0,Yes,7.3,D,36.8
S0350,Female,17,MBA,3,70.0,2.4,7.01,71.4,Yes,0,5.0,Low,No,3.5,Yes,36.4,D,43.7
S0351,Female,22,Electrical,1,77.5,4.2,6.9,59.2,Yes,5,7.2,Medium,Yes,6.1,No,12.3,C,53.2
S0352,Female,20,Civil,1,87.1,5.1,8.4,75.9,Yes,1,6.2,Medium,No,8.5,No,1.1,B,60.3
S0353,Female,20,Computer Science,1,58.7,1.7,4.86,65.1,No,2,5.0,Medium,No,4.1,No,7.6,F,21.0
S0354,Male,21,Computer Science,2,87.4,5.9,7.26,61.2,Yes,0,7.6,Medium,Yes,9.4,No,6.4,C,56.8
S0355,Male,20,MBA,4,72.5,2.3,5.6,61.6,Yes,0,7.9,High,Yes,6.2,No,2.1,D,38.4
S0356,Female,22,Mechanical,2,87.9,4.6,8.81,88.1,Yes,3,6.4,Low,Yes,7.0,Yes,26.7,C,55.8
S0357,Male,23,MBA,1,87.1,5.5,8.27,83.7,Yes,1,6.9,Medium,Yes,6.8,No,17.3,B,64.7
S0358,Female,20,BBA,3,69.9,5.6,7.35,94.4,Yes,2,4.0,Medium,Yes,5.2,No,3.6,D,35.8
S0359,Female,19,MBA,2,66.3,0.0,4.0,39.0,No,1,7.8,Low,No,3.3,Yes,4.0,F,13.7
S0360,Female,20,Computer Science,1,84.8,4.6,6.48,,No,1,7.5,Low,No,8.0,No,1.3,C,50.0
S0361,Male,23,Electrical,2,69.6,,7.31,69.0,Yes,3,6.8,Low,Yes,5.3,Yes,4.5,D,44.3
S0362,Female,19,MBA,2,72.3,5.6,7.54,63.0,No,1,5.0,High,Yes,6.5,No,9.8,D,33.1
S0363,Male,20,Electrical,3,85.4,3.4,7.67,90.4,Yes,1,4.5,Medium,Yes,6.0,Yes,6.5,C,53.6
S0364,Female,20,Electrical,1,76.8,4.5,9.01,77.7,Yes,2,8.9,Medium,Yes,4.1,Yes,35.8,C,55.7
S0365,Female,21,Mechanical,1,63.7,0.8,4.9,59.0,Yes,3,5.3,High,Yes,6.5,No,1.6,F,29.8
S0366,Male,18,Electrical,2,80.1,3.4,5.27,52.1,No,1,6.7,Medium,No,6.3,Yes,10.0,D,41.0
S0367,Other,21,Computer Science,1,78.4,6.1,,61.5,Yes,3,5.3,Low,Yes,7.1,No,20.5,D,44.5
S0368,Female,23,Civil,3,66.8,10.3,6.66,59.7,No,1,3.8,Medium,Yes,3.5,No,7.6,C,53.2
S0369,Male,18,Civil,2,81.9,8.5,7.81,81.4,Yes,0,7.0,Medium,Yes,9.4,No,1.0,C,56.8
S0370,Male,19,Electronics,2,88.2,6.1,8.51,66.4,Yes,1,7.2,Medium,Yes,8.1,No,3.8,C,53.8
S0371,Male,24,BBA,4,74.3,2.4,6.28,63.4,Yes,1,4.5,Medium,No,6.0,Yes,4.9,D,35.3
S0372,Male,18,MBA,3,66.2,3.9,5.7,53.4,No,3,7.8,Medium,Yes,5.7,No,34.8,D,33.3
S0373,Male,22,BBA,1,73.9,1.9,5.57,58.8,Yes,3,5.9,Low,Yes,6.4,Yes,25.3,D,34.3
S0374,Female,20,Computer Science,2,59.3,1.7,5.36,56.9,Yes,2,5.2,High,Yes,1.9,Yes,30.8,F,18.4
S0375,Male,19,Electrical,3,61.5,3.8,5.47,,Yes,4,5.1,Low,No,4.3,No,18.5,F,19.1
S0376,Male,22,Civil,3,,3.8,4.74,40.4,Yes,2,7.5,Low,Yes,9.6,No,5.3,D,43.3
S0377,Female,20,BBA,1,83.5,3.8,7.57,78.6,Yes,2,4.2,Low,No,7.1,No,24.6,C,51.4
S0378,Male,20,Computer Science,4,75.3,,7.42,61.9,Yes,0,5.0,Low,No,6.3,No,41.0,B,60.5
S0379,Female,19,Civil,2,68.2,3.2,5.71,54.4,Yes,2,7.0,Low,No,8.2,Yes,5.3,D,42.5
S0380,Male,20,Electrical,1,80.5,5.0,5.97,46.2,Yes,4,6.9,High,Yes,7.6,No,4.0,C,51.4
S0381,Male,18,BBA,1,85.7,4.9,6.34,68.9,Yes,2,5.3,High,Yes,7.2,No,8.9,C,55.6
S0382,Female,19,Civil,1,92.7,7.4,9.38,92.1,Yes,1,8.0,Low,Yes,6.9,No,3.1,B,67.7
S0383,Female,24,MBA,3,76.7,3.7,6.31,61.1,No,2,5.2,Low,Yes,4.2,No,1.3,D,38.8
S0384,Female,19,MBA,1,75.8,6.3,8.11,71.5,No,0,6.2,Low,No,4.6,No,30.2,D,44.2
S0385,Female,21,Electronics,1,80.5,3.3,7.44,67.2,No,2,6.1,Low,No,8.3,No,27.0,C,46.9
S0386,Female,19,Electronics,4,,3.9,6.57,74.7,Yes,2,6.1,Low,Yes,3.5,No,2.8,D,33.5
S0387,Male,21,Civil,2,68.0,5.9,5.32,43.2,No,2,6.3,High,Yes,6.7,No,6.2,D,37.2
S0388,Male,18,Computer Science,1,70.1,2.5,6.15,77.9,Yes,4,6.2,Low,Yes,5.9,Yes,18.8,F,20.8
S0389,Female,24,MBA,1,80.2,4.3,6.2,55.4,No,1,6.2,Medium,Yes,8.4,No,11.8,C,49.5
S0390,Female,20,Computer Science,1,86.8,7.1,8.64,83.8,Yes,2,6.3,Low,Yes,6.7,No,6.0,C,55.0
S0391,Other,19,Computer Science,1,72.7,5.0,6.52,70.4,Yes,1,7.8,High,Yes,6.5,No,14.6,D,30.9
S0392,Male,18,Civil,3,71.5,5.2,8.79,77.1,Yes,0,6.2,Medium,Yes,5.1,No,23.7,C,48.9
S0393,Male,18,Computer Science,1,82.1,3.4,8.65,85.6,Yes,1,7.3,High,Yes,6.5,Yes,27.1,C,59.3
S0394,Female,20,MBA,1,70.3,4.9,5.8,67.7,Yes,1,6.7,Medium,Yes,7.8,No,5.8,D,44.0
S0395,Male,19,Electrical,3,72.0,3.6,7.12,46.7,No,0,6.9,Low,No,6.5,Yes,2.9,D,33.1
S0396,Female,22,Electronics,3,92.0,7.4,8.56,78.4,No,0,7.4,Low,No,5.3,No,25.4,B,67.7
S0397,Female,20,Electrical,2,91.3,4.5,7.05,,Yes,3,5.1,Medium,Yes,5.5,Yes,2.0,C,46.6
S0398,Male,19,Computer Science,2,80.4,5.5,7.4,75.3,Yes,3,7.3,Medium,Yes,8.8,No,13.8,C,53.7
S0399,Female,20,Electrical,2,72.2,5.8,8.44,65.7,No,1,6.2,Medium,No,5.4,No,2.5,B,60.9
S0400,Female,21,MBA,2,78.2,3.9,7.54,63.2,No,1,5.3,Low,Yes,1.1,Yes,5.9,C,48.5
S0401,Male,18,MBA,2,81.6,0.1,7.44,62.4,No,2,7.4,Low,No,6.1,Yes,6.3,D,38.2
S0402,Female,18,Computer Science,2,78.6,4.9,7.53,56.4,No,3,6.0,Medium,No,3.1,No,2.7,C,45.9
S0403,Female,17,Civil,4,66.6,5.1,6.13,66.0,Yes,2,7.0,Medium,Yes,4.3,No,26.6,D,35.8
S0404,Female,21,Electrical,1,68.7,,5.12,52.2,No,0,3.2,Medium,No,6.9,Yes,1.0,D,38.9
S0405,Male,21,Civil,3,70.0,0.0,4.6,51.3,No,1,7.4,Low,Yes,10.0,Yes,23.4,F,21.6
S0406,Female,20,Civil,1,79.5,7.0,6.18,63.7,Yes,3,9.6,Medium,Yes,9.8,No,22.5,B,63.0
S0407,Male,22,Mechanical,3,68.3,4.4,6.93,87.6,Yes,0,6.5,Low,Yes,1.0,Yes,4.8,D,34.5
S0408,Male,22,Computer Science,3,81.7,4.0,7.74,65.4,Yes,0,6.2,Low,Yes,4.7,Yes,13.2,C,46.4
S0409,Female,20,Electronics,4,70.0,4.5,8.86,76.1,Yes,4,5.9,Medium,Yes,4.7,No,3.9,C,51.4
S0410,Male,22,MBA,1,75.2,4.1,6.07,63.8,Yes,4,7.2,Low,Yes,4.7,No,15.2,D,34.5
S0411,Male,19,MBA,2,91.8,8.2,10.0,80.0,No,2,6.1,Low,No,6.6,No,9.2,B,68.8
S0412,Female,18,Computer Science,2,93.8,5.6,9.52,84.3,Yes,0,7.3,Low,Yes,6.2,Yes,4.6,B,65.4
S0413,Female,19,BBA,3,62.3,0.5,4.32,59.3,Yes,2,8.6,Low,Yes,4.4,Yes,6.1,F,24.6
S0414,Female,18,BBA,2,79.3,4.7,7.68,72.9,No,1,7.5,Low,Yes,3.6,No,12.7,C,51.6
S0415,Female,20,BBA,2,78.4,3.5,8.09,66.5,No,1,6.3,Low,No,3.9,Yes,24.7,C,49.4
S0416,Male,23,Electronics,2,67.9,2.0,4.69,42.5,Yes,0,5.2,Low,Yes,5.8,No,2.4,D,36.6
S0417,Male,17,MBA,2,71.2,3.7,6.81,72.9,No,0,6.0,Low,No,4.8,Yes,9.5,C,46.1
S0418,Male,18,Computer Science,2,78.7,4.4,7.34,67.3,Yes,0,6.3,Medium,Yes,7.7,No,3.9,C,58.9
S0419,Female,20,MBA,1,73.3,4.1,7.48,60.2,No,2,4.9,Low,No,5.6,Yes,17.2,D,35.5
S0420,Female,23,Civil,4,78.2,3.8,7.67,65.5,No,2,7.8,Low,No,6.7,No,1.7,C,56.8
S0421,Female,19,Electrical,3,82.5,6.0,7.46,69.9,Yes,0,7.2,Low,Yes,5.8,No,12.7,D,36.0
S0422,Female,20,Electrical,4,76.7,8.7,6.97,65.7,Yes,0,5.2,Medium,Yes,2.6,No,2.9,C,46.0
S0423,Male,17,MBA,1,84.9,7.2,8.52,80.4,No,1,4.4,High,Yes,3.8,No,10.1,C,52.9
S0424,Female,18,Mechanical,4,,3.5,8.68,56.4,Yes,0,7.4,Medium,Yes,8.9,Yes,19.1,D,39.3
S0425,Male,25,Electronics,3,74.5,0.5,8.37,78.3,No,1,4.5,Medium,Yes,7.4,No,15.1,C,46.0
S0426,Female,24,BBA,3,70.0,2.7,5.67,61.6,No,1,6.6,Medium,Yes,6.3,No,15.0,D,43.8
S0427,Male,17,Electronics,3,78.9,8.0,,92.5,Yes,0,6.0,Medium,Yes,4.9,No,8.3,C,54.3
S0428,Female,24,Electronics,2,81.6,5.4,8.16,70.4,Yes,0,7.5,Medium,Yes,9.5,No,23.1,C,56.0
S0429,Male,20,Civil,3,69.6,2.7,6.16,67.8,Yes,5,7.5,Low,Yes,5.5,No,9.9,C,45.2
S0430,Male,22,Electronics,2,73.5,2.3,7.83,60.6,No,3,5.5,Low,No,3.2,Yes,26.0,F,19.9
S0431,Male,20,Electrical,1,70.5,1.0,6.48,58.1,No,2,7.6,Low,Yes,6.3,Yes,8.9,D,34.3
S0432,Female,20,Civil,2,74.1,5.8,6.48,75.5,Yes,1,6.2,High,Yes,1.9,No,8.1,C,45.7
S0433,Female,20,Computer Science,4,71.4,4.2,7.21,64.7,Yes,1,6.5,Medium,Yes,3.9,No,3.5,D,36.3
S0434,Male,21,Electronics,4,63.0,5.0,5.76,63.6,Yes,2,6.5,Medium,Yes,5.4,No,8.9,F,29.8
S0435,Male,18,Electronics,4,82.2,2.9,6.55,59.9,No,3,9.2,Low,Yes,5.7,Yes,2.5,D,40.2
S0436,Female,17,Computer Science,3,64.4,5.0,6.76,72.6,Yes,1,6.4,Medium,Yes,4.0,No,21.4,D,39.4
S0437,Male,19,Electronics,1,83.5,2.3,5.54,57.8,Yes,0,4.5,Low,Yes,8.7,Yes,12.3,D,38.2
S0438,Female,21,Computer Science,1,65.7,0.3,6.16,66.3,Yes,0,5.6,Low,No,8.3,No,50.0,D,30.7
S0439,Female,19,Civil,1,77.7,3.7,6.12,66.6,Yes,2,7.4,High,Yes,10.0,No,2.0,C,45.6
S0440,Male,21,Electrical,1,72.7,3.6,7.02,64.7,Yes,2,6.2,Medium,Yes,5.6,No,3.8,C,45.7
S0441,Male,24,Computer Science,2,72.6,4.9,7.36,78.4,Yes,1,6.5,Low,Yes,4.9,No,22.0,C,58.5
S0442,Other,18,Mechanical,1,87.3,6.8,8.48,76.1,Yes,1,6.0,High,Yes,8.7,No,6.0,B,64.6
S0443,Male,21,Computer Science,2,82.2,4.5,7.51,68.0,No,3,3.1,Low,No,6.0,No,7.3,C,50.2
S0444,Male,20,Electronics,4,79.4,5.3,7.08,77.6,No,1,5.6,High,Yes,3.9,No,20.7,D,37.6
S0445,Female,22,BBA,2,76.6,3.9,7.23,71.7,Yes,1,6.4,Low,Yes,3.2,Yes,8.4,C,47.7
S0446,Female,18,BBA,4,64.2,4.4,4.94,56.5,No,1,4.4,Low,No,5.2,No,3.2,D,44.3
S0447,Other,21,Civil,3,80.0,2.6,6.73,73.5,Yes,1,5.1,Low,Yes,5.0,Yes,23.3,D,38.4
S0448,Female,22,MBA,1,84.7,7.3,9.12,87.5,Yes,0,6.1,Low,No,5.9,No,1.3,C,55.7
S0449,Male,23,Civil,2,67.7,2.0,6.64,74.6,Yes,3,6.1,Low,Yes,4.7,Yes,23.6,D,41.1
S0450,Male,21,MBA,1,92.6,7.7,8.89,76.0,No,2,7.0,Medium,Yes,10.0,No,1.5,C,49.9
S0451,Female,20,BBA,2,68.9,5.2,,71.4,Yes,2,6.2,High,Yes,3.4,No,12.0,D,42.6
S0452,Female,20,BBA,3,60.3,2.3,5.19,61.3,Yes,2,6.9,Medium,No,7.0,No,1.7,D,41.0
S0453,Male,22,Computer Science,1,76.0,5.4,7.2,48.2,No,1,5.7,Low,No,4.9,No,13.2,D,36.2
S0454,Female,20,Electrical,1,77.5,4.7,8.2,73.9,Yes,2,6.8,Medium,Yes,5.7,No,1.3,C,54.0
S0455,Male,17,Mechanical,2,85.1,5.1,9.55,86.0,Yes,0,8.3,Low,Yes,8.2,Yes,19.5,C,56.4
S0456,Female,23,Civil,4,72.0,1.0,5.18,56.6,No,0,6.8,Low,No,1.8,Yes,7.3,D,36.0
S0457,Male,21,Electronics,3,83.7,6.0,8.13,78.3,Yes,2,6.2,Medium,Yes,4.1,No,2.0,C,55.5
S0458,Male,21,MBA,3,86.7,4.0,7.72,86.9,Yes,0,5.4,Medium,Yes,4.8,Yes,13.3,C,45.9
S0459,Male,19,Electronics,1,82.5,3.8,8.03,68.7,No,1,6.6,Low,Yes,7.7,Yes,7.7,D,35.1
S0460,Male,21,Electrical,3,71.4,0.7,4.0,32.0,No,1,6.2,Low,No,8.4,No,3.1,D,33.8
S0461,Male,19,MBA,3,93.5,,8.61,88.8,Yes,5,7.2,High,Yes,9.6,No,1.2,B,64.8
S0462,Female,21,Civil,3,72.8,6.5,8.86,64.7,No,0,4.3,Low,No,1.9,No,6.4,F,28.0
S0463,Female,18,Computer Science,4,71.9,4.0,6.79,67.8,Yes,0,6.3,Medium,Yes,3.1,Yes,1.9,F,26.6
S0464,Female,21,Electronics,2,,,7.78,90.3,Yes,2,7.0,Medium,Yes,5.5,No,2.0,C,52.7
S0465,Other,25,Electrical,4,64.3,2.7,4.65,51.2,No,2,6.7,Low,No,5.7,No,4.1,F,21.4
S0466,Male,17,Civil,4,75.7,5.5,9.42,74.7,No,1,6.1,Low,No,1.7,Yes,11.0,C,46.1
S0467,Male,24,BBA,1,95.9,7.0,9.33,100.0,Yes,0,6.1,Medium,No,7.8,No,8.5,B,65.4
S0468,Female,20,BBA,2,60.3,2.6,5.04,56.3,Yes,5,5.2,Medium,Yes,2.2,No,1.7,F,24.8
S0469,Male,22,Civil,4,71.7,6.6,7.26,71.4,No,3,7.0,Medium,Yes,9.2,No,35.6,B,65.6
S0470,Other,21,Civil,1,90.5,2.3,7.35,73.2,Yes,1,7.0,Medium,Yes,8.1,Yes,22.8,D,44.6
S0471,Male,20,Civil,2,70.4,3.4,,68.7,Yes,2,4.8,High,Yes,3.0,Yes,4.0,D,34.2
S0472,Other,21,MBA,4,93.3,4.7,7.09,73.4,Yes,2,7.4,Medium,Yes,9.6,No,2.3,B,70.2
S0473,Male,22,Civil,2,68.8,4.9,6.42,65.9,Yes,0,5.7,Medium,Yes,5.2,No,29.5,C,56.4
S0474,Female,20,Electronics,1,73.0,5.4,6.9,70.1,No,4,6.0,Medium,Yes,4.7,No,7.2,D,39.9
S0475,Female,19,Electrical,3,85.1,5.7,9.24,66.5,No,0,8.7,Medium,No,6.5,No,4.7,B,61.4
S0476,Other,21,MBA,1,79.6,4.6,7.4,61.0,Yes,0,8.4,Medium,Yes,6.7,No,7.7,D,31.9
S0477,Male,22,Civil,2,83.3,5.4,7.62,67.4,Yes,2,4.8,Medium,Yes,5.4,No,15.8,A,80.7
S0478,Female,21,Mechanical,1,76.9,4.4,6.37,63.8,Yes,0,5.0,Medium,Yes,,No,2.8,C,55.1
S0479,Other,21,Mechanical,3,77.4,4.4,7.63,85.7,Yes,0,5.2,Low,Yes,3.4,Yes,15.6,C,53.8
S0480,Female,20,Electrical,2,65.5,4.4,6.51,65.1,Yes,1,8.4,Medium,Yes,6.1,No,14.8,C,47.3
S0481,Female,22,BBA,3,,1.6,4.71,48.5,No,0,5.8,Low,Yes,4.8,No,8.8,F,28.0
S0482,Female,18,Computer Science,3,81.8,7.2,7.91,84.6,Yes,2,4.7,Low,Yes,8.8,No,21.1,C,50.0
S0483,Male,20,Computer Science,2,87.9,6.2,7.68,55.8,No,2,8.0,Low,Yes,6.3,No,2.4,B,69.2
S0484,Female,17,BBA,3,67.9,4.6,5.72,66.7,Yes,1,7.2,Medium,Yes,6.2,No,10.1,C,55.9
S0485,Female,19,MBA,1,69.3,3.6,4.95,69.1,Yes,2,9.2,Medium,Yes,10.0,No,7.0,D,34.7
S0486,Female,19,MBA,3,68.7,2.0,6.09,,Yes,1,7.2,Low,Yes,5.9,Yes,6.5,F,29.8
S0487,Male,19,MBA,1,73.9,11.3,6.91,55.4,No,1,6.5,Medium,Yes,4.2,No,3.9,C,48.8
S0488,Male,21,Computer Science,4,72.3,4.9,6.3,70.5,Yes,1,6.8,Medium,Yes,3.8,No,5.7,D,38.1
S0489,Female,19,Mechanical,1,77.9,5.5,7.83,69.8,Yes,3,6.0,Low,Yes,3.2,No,2.1,C,48.7
S0490,Female,20,Computer Science,2,74.3,7.2,7.48,82.3,Yes,2,8.1,Medium,Yes,8.3,No,3.9,C,58.7
S0491,Male,19,Electronics,3,73.2,3.7,6.92,75.8,No,2,8.1,Medium,No,4.1,No,4.2,C,53.7
S0492,Female,19,Civil,2,73.5,,6.22,59.3,Yes,0,4.6,Medium,Yes,8.2,No,13.8,D,33.1
S0493,Male,19,MBA,1,87.1,8.5,8.5,92.8,No,1,7.6,Medium,No,7.1,No,1.5,B,60.8
S0494,Male,18,Mechanical,2,75.5,5.0,8.06,63.3,No,1,5.2,Medium,No,4.2,Yes,11.5,C,50.3
S0495,Male,20,Electrical,3,63.9,4.6,7.48,74.2,Yes,2,9.4,Low,Yes,6.1,Yes,3.5,F,27.6
S0496,Male,21,Electrical,3,84.4,3.0,7.97,66.4,Yes,2,8.3,Low,Yes,7.3,Yes,1.9,C,55.6
S0497,Female,20,Civil,2,76.4,6.4,8.19,75.6,Yes,3,5.1,Low,Yes,5.0,No,4.6,D,37.8
S0498,Male,20,Mechanical,2,77.9,3.2,7.27,65.3,Yes,0,6.8,High,Yes,5.5,No,3.5,D,39.4
S0499,Other,19,Computer Science,2,90.6,3.6,7.86,79.5,Yes,2,7.7,Low,Yes,8.4,Yes,9.0,C,50.4
S0500,Other,22,Computer Science,3,71.6,2.8,7.35,66.6,Yes,1,5.8,Low,Yes,5.6,Yes,5.4,D,31.6
S0501,Female,20,Electronics,3,75.3,4.8,7.6,71.5,Yes,2,4.9,High,Yes,3.6,No,34.8,C,55.7
S0502,Female,20,Electronics,2,57.3,0.9,5.45,57.0,Yes,0,6.6,High,Yes,3.7,Yes,34.1,F,20.4
S0503,Male,17,Computer Science,1,72.3,5.7,7.29,77.4,Yes,3,6.3,Medium,Yes,2.6,No,6.9,D,41.0
S0504,Female,19,Electrical,1,76.9,5.5,7.3,73.9,Yes,1,5.4,Low,No,6.1,Yes,16.9,C,49.9
S0505,Female,19,MBA,1,94.4,7.7,9.26,85.0,Yes,4,8.0,Low,Yes,8.6,No,1.1,B,70.7
S0506,Male,19,Electrical,1,77.4,5.7,7.25,63.4,No,2,5.0,Medium,No,4.1,No,8.9,C,47.1
S0507,Female,20,Electronics,2,88.4,5.6,8.08,58.4,No,2,6.4,Low,No,9.9,No,14.6,C,58.9
S0508,Female,20,Civil,3,67.8,3.6,5.38,61.4,No,1,6.7,Low,No,10.0,No,3.4,D,37.6
S0509,Female,20,Computer Science,1,61.3,3.1,5.85,57.8,Yes,1,6.9,Medium,Yes,5.8,No,1.6,F,19.3
S0510,Female,21,Electronics,4,,2.4,8.53,79.7,Yes,0,7.9,High,Yes,5.1,Yes,2.7,C,58.6
S0511,Female,22,Electronics,1,83.3,3.9,7.67,71.9,Yes,5,6.2,Low,Yes,6.3,No,6.8,B,66.6
S0512,Male,21,MBA,3,65.7,3.0,6.45,60.0,Yes,3,3.4,Medium,Yes,,No,8.1,D,37.9
S0513,Female,24,Computer Science,3,85.9,6.5,,77.0,No,2,6.0,Medium,Yes,7.5,No,5.8,C,51.9
S0514,Female,17,MBA,2,76.3,3.9,6.44,60.3,Yes,1,7.4,Low,Yes,6.8,Yes,6.8,D,37.0
S0515,Male,18,Computer Science,1,81.7,3.8,7.19,52.7,No,4,6.3,Medium,Yes,6.2,No,7.4,C,50.3
S0516,Male,17,MBA,3,79.0,3.5,7.07,70.5,Yes,1,6.3,Low,Yes,8.2,Yes,15.7,C,45.9
S0517,Male,20,Electrical,2,89.2,7.4,7.3,74.0,No,4,7.1,Low,Yes,6.2,No,2.1,C,54.2
S0518,Female,22,Civil,4,77.3,4.2,9.27,84.4,Yes,1,7.3,Medium,Yes,5.5,Yes,15.7,D,35.3
S0519,Other,19,Civil,2,87.7,4.4,9.63,90.1,Yes,1,4.4,Low,No,6.5,Yes,12.7,B,66.7
S0520,Male,23,Computer Science,4,75.0,5.0,7.47,73.9,Yes,0,6.5,High,Yes,5.0,No,14.5,D,36.6
S0521,Female,18,Mechanical,1,85.3,6.7,9.62,78.2,No,2,6.3,Low,No,7.9,Yes,14.3,C,59.6
S0522,Male,23,BBA,3,68.8,5.1,7.5,62.9,No,1,6.6,Medium,Yes,7.6,No,7.4,C,59.6
S0523,Other,19,Electronics,3,80.1,6.9,7.1,70.9,No,2,4.1,Medium,No,5.1,No,3.4,D,39.7
S0524,Female,18,Electronics,3,79.1,2.2,6.04,59.6,Yes,1,8.1,Low,Yes,3.2,Yes,8.7,D,43.1
S0525,Female,20,Computer Science,1,61.1,4.2,6.82,68.8,Yes,0,6.5,Low,Yes,3.2,No,32.7,F,24.6
S0526,Male,19,MBA,3,79.9,3.4,7.0,74.4,Yes,1,7.0,Medium,Yes,6.4,No,9.9,C,48.4
S0527,Male,19,Mechanical,2,80.7,5.3,6.79,64.3,No,3,8.6,High,Yes,8.0,No,1.1,C,52.4
S0528,Male,19,Electrical,3,77.2,4.4,6.34,60.6,Yes,2,7.0,High,Yes,9.3,No,1.6,C,50.0
S0529,Male,22,MBA,2,69.0,10.5,7.94,68.1,Yes,1,4.7,Medium,Yes,5.4,No,50.0,C,50.5
S0530,Female,20,MBA,4,,4.1,5.96,49.4,No,2,6.4,Medium,No,4.2,No,1.7,C,46.0
S0531,Female,19,Computer Science,1,74.9,2.1,4.99,54.0,Yes,2,7.3,Medium,Yes,,Yes,1.5,D,39.1
S0532,Other,20,Computer Science,3,69.2,0.7,5.33,49.8,No,5,6.6,Medium,Yes,5.0,Yes,5.4,C,46.9
S0533,Other,21,Electronics,4,63.7,,4.14,41.9,No,2,8.5,Medium,Yes,8.8,Yes,35.8,F,23.3
S0534,Female,19,Computer Science,3,78.6,4.4,5.1,63.6,Yes,0,5.5,Medium,Yes,8.0,No,4.8,B,60.4
S0535,Female,20,Computer Science,2,66.1,3.3,5.08,59.9,Yes,1,8.0,High,Yes,5.5,No,6.3,F,27.5
S0536,Female,18,Computer Science,2,81.7,2.1,5.15,58.5,No,3,7.5,Medium,Yes,8.1,No,11.1,D,30.5
S0537,Female,18,Electronics,4,84.9,4.9,6.91,73.3,Yes,1,6.6,High,Yes,4.3,No,1.2,C,46.7
S0538,Male,21,Electrical,1,71.4,3.1,5.75,48.0,Yes,1,6.9,Medium,Yes,4.3,No,23.8,D,37.8
S0539,Male,18,Electrical,2,,2.7,5.77,46.6,No,4,5.3,Low,No,7.7,No,8.3,D,39.2
S0540,Male,20,BBA,3,52.9,2.1,4.37,63.4,Yes,0,6.1,Low,Yes,4.6,Yes,7.3,D,39.3
S0541,Female,21,BBA,3,74.4,4.9,7.3,58.2,Yes,0,7.2,Medium,Yes,8.5,No,20.7,C,49.6
S0542,Female,18,Computer Science,1,85.7,4.2,7.52,73.8,No,3,6.3,Medium,Yes,6.0,Yes,31.6,B,61.8
S0543,Male,20,BBA,3,81.1,4.4,7.28,70.7,Yes,1,6.6,High,Yes,5.7,No,6.5,C,52.5
S0544,Female,19,Electronics,3,81.8,3.5,7.26,55.8,No,0,7.7,Low,No,7.1,Yes,2.9,C,54.1
S0545,Female,24,Electrical,1,72.2,4.2,7.12,75.2,Yes,1,4.2,High,Yes,6.2,No,17.9,D,43.9
S0546,Male,20,MBA,4,,4.3,4.54,56.4,Yes,0,6.9,High,Yes,3.7,No,6.2,D,32.3
S0547,Male,22,Electrical,1,67.1,4.1,7.14,67.8,Yes,0,8.6,Low,Yes,8.2,No,28.4,C,52.0
S0548,Female,20,Electrical,2,71.4,4.9,7.42,70.3,Yes,2,6.0,High,Yes,4.5,No,30.9,C,46.8
S0549,Female,17,Electronics,1,86.9,4.1,8.62,58.8,Yes,2,5.0,High,Yes,3.1,Yes,2.2,C,55.0
S0550,Female,20,BBA,1,72.9,8.5,8.01,77.6,Yes,0,6.0,Medium,Yes,7.3,No,32.4,C,54.9
S0551,Female,24,MBA,4,82.7,4.8,8.91,82.4,Yes,1,4.7,Medium,Yes,4.7,No,5.6,B,63.1
S0552,Female,20,Electronics,2,64.8,3.3,5.2,57.9,Yes,5,6.8,High,Yes,,No,11.4,D,37.3
S0553,Female,22,Computer Science,2,69.7,1.8,4.84,54.5,No,1,6.4,Medium,No,7.8,No,1.4,F,24.3
S0554,Female,22,Civil,1,63.8,1.8,4.61,49.9,Yes,2,6.9,Low,Yes,4.1,Yes,23.0,F,29.0
S0555,Female,19,Electrical,3,84.7,7.4,7.55,62.6,No,1,6.3,High,Yes,7.7,No,11.3,B,71.5
S0556,Male,19,Civil,3,78.1,3.2,5.93,60.2,Yes,2,6.7,Medium,Yes,5.1,No,11.3,C,46.4
S0557,Male,20,Electronics,2,79.0,5.3,7.77,73.6,Yes,0,7.0,Medium,Yes,7.2,No,24.2,C,58.2
S0558,Male,20,Electronics,2,77.4,2.8,6.28,65.5,Yes,2,5.1,Low,Yes,5.9,Yes,8.1,D,42.1
S0559,Female,22,Electronics,4,92.3,6.0,8.19,76.8,Yes,2,6.9,Medium,Yes,8.7,Yes,6.3,B,64.8
S0560,Female,23,Civil,2,74.1,5.8,6.83,49.4,No,2,8.2,Low,No,9.0,No,21.1,D,41.8
S0561,Female,19,Electronics,2,78.2,3.5,6.46,60.3,No,1,5.3,High,Yes,5.7,No,14.6,D,43.9
S0562,Male,19,Computer Science,1,77.1,,7.52,72.1,Yes,2,6.9,Low,Yes,6.0,No,30.8,C,50.3
S0563,Male,21,Electronics,3,67.9,4.4,6.85,66.8,Yes,0,8.1,Low,No,4.5,No,29.2,F,24.0
S0564,Male,19,Mechanical,2,82.6,6.8,6.68,63.3,No,3,5.1,Medium,Yes,7.6,No,5.8,D,44.6
S0565,Male,22,BBA,2,70.1,4.6,5.84,48.7,No,2,7.5,Low,No,8.1,Yes,6.9,D,31.1
S0566,Female,20,Civil,1,74.4,6.9,6.68,63.9,Yes,1,6.2,Medium,Yes,,No,4.0,B,60.5
S0567,Male,21,Mechanical,4,76.3,3.2,6.17,56.2,Yes,4,7.7,High,Yes,8.6,No,11.8,D,38.5
S0568,Male,18,Electronics,1,73.0,2.3,6.46,56.1,No,2,5.5,High,Yes,1.4,Yes,5.5,D,36.4
S0569,Female,20,Computer Science,3,63.8,5.2,6.27,58.1,No,3,6.5,Low,No,3.9,No,16.4,C,51.2
S0570,Male,20,Electrical,2,82.2,,9.38,70.6,No,1,4.7,Low,No,8.2,Yes,2.3,C,52.2
S0571,Female,20,MBA,1,75.9,,6.45,69.7,Yes,3,7.0,High,Yes,6.8,No,2.2,C,51.2
S0572,Female,18,BBA,3,90.3,4.5,8.15,68.5,Yes,1,7.0,High,Yes,8.7,No,3.3,C,47.2
S0573,Male,21,MBA,2,66.1,2.7,4.97,65.4,Yes,2,7.1,Medium,Yes,5.2,Yes,1.9,D,33.4
S0574,Female,22,Electronics,4,81.4,4.5,6.17,72.3,Yes,1,7.1,Medium,Yes,6.5,No,10.7,D,39.6
S0575,Female,19,BBA,4,88.2,4.6,8.3,80.5,No,1,6.4,Low,No,8.3,Yes,2.6,D,42.0
S0576,Female,18,BBA,4,64.2,3.9,5.57,60.5,Yes,1,4.7,High,Yes,5.5,No,2.7,D,36.3
S0577,Male,17,Computer Science,1,74.3,1.2,6.15,52.2,No,2,7.7,Medium,Yes,7.4,Yes,1.1,D,36.2
S0578,Female,20,BBA,3,81.6,3.3,7.57,71.1,Yes,2,6.5,Low,Yes,5.2,Yes,16.2,D,39.4
S0579,Female,20,Civil,2,73.9,5.6,8.77,81.2,Yes,2,7.0,Low,Yes,,Yes,17.7,D,39.6
S0580,Male,20,Mechanical,4,72.8,5.9,5.75,68.8,Yes,1,6.3,High,Yes,6.2,No,2.8,D,42.1
S0581,Male,19,Mechanical,3,58.7,2.0,5.53,70.1,Yes,1,8.9,Low,Yes,2.9,Yes,14.5,F,21.7
S0582,Other,19,Mechanical,4,73.6,4.8,6.85,73.8,Yes,1,5.8,Low,Yes,6.7,No,6.7,C,53.2
S0583,Female,20,Civil,2,90.7,5.8,10.0,,Yes,2,5.8,Medium,Yes,4.8,No,3.7,B,60.7
S0584,Male,20,MBA,2,78.2,3.5,5.34,59.2,Yes,0,4.6,Low,No,,No,10.7,C,57.1
S0585,Female,25,Computer Science,1,75.3,6.5,7.93,91.4,Yes,2,6.6,Low,Yes,4.4,No,3.0,C,47.7
S0586,Male,18,BBA,3,82.3,10.2,6.82,60.7,Yes,1,8.7,High,Yes,6.5,No,15.1,C,58.0
S0587,Male,21,Civil,2,81.3,3.6,5.83,59.4,Yes,1,6.7,High,Yes,10.0,No,1.5,C,51.0
S0588,Male,20,Mechanical,2,79.5,4.3,6.38,72.8,Yes,0,6.8,High,Yes,7.1,No,33.0,D,35.5
S0589,Male,20,Electronics,3,67.5,1.7,5.81,53.9,Yes,2,7.7,High,Yes,5.5,No,1.7,F,12.8
S0590,Male,21,Electrical,3,79.6,3.0,7.18,70.1,Yes,1,6.7,Medium,No,5.3,Yes,9.7,C,47.5
S0591,Male,21,BBA,1,92.0,5.3,7.43,62.2,No,1,7.9,High,No,5.1,No,24.2,B,71.3
S0592,Female,25,Civil,3,72.2,3.4,,43.6,No,1,8.1,Medium,Yes,7.8,No,1.1,D,40.1
S0593,Male,18,Civil,2,75.7,3.3,7.92,73.3,Yes,2,5.8,Medium,No,3.6,Yes,7.9,C,57.4
S0594,Male,18,Computer Science,2,76.7,,6.02,71.9,Yes,2,4.8,High,Yes,8.4,Yes,5.3,C,54.7
S0595,Female,21,Computer Science,1,74.3,10.9,6.3,47.1,No,1,7.3,Low,No,7.3,Yes,9.7,C,48.7
S0596,Male,20,Civil,1,76.4,3.8,5.3,64.1,Yes,1,6.9,Medium,Yes,6.7,No,3.6,C,49.9
S0597,Female,19,Mechanical,1,83.6,6.2,7.91,74.8,No,3,5.2,Medium,Yes,7.5,No,1.7,B,61.2
S0598,Male,18,Electrical,3,63.7,3.2,5.27,56.5,Yes,1,5.7,Low,Yes,7.7,No,10.8,F,15.2
S0599,Male,18,BBA,1,67.1,4.9,4.88,46.3,No,2,5.7,Low,No,4.6,No,6.4,D,40.4
S0600,Male,22,Computer Science,2,69.6,1.9,6.1,62.0,No,2,6.7,High,Yes,5.2,Yes,10.7,D,33.5
S0601,Male,18,BBA,4,66.8,4.7,6.02,59.2,Yes,1,7.7,High,Yes,6.5,No,3.4,C,46.8
S0602,Male,19,Mechanical,1,92.1,3.4,7.03,78.0,Yes,1,7.8,Medium,Yes,10.0,No,5.1,C,55.8
S0603,Male,19,BBA,2,69.3,4.4,7.1,68.1,Yes,1,7.4,Low,Yes,3.2,No,9.2,F,26.1
S0604,Male,19,Electronics,3,76.2,5.0,6.66,69.7,Yes,1,6.1,Low,Yes,4.8,No,10.0,C,51.1
S0605,Male,18,Computer Science,4,55.1,3.0,5.33,68.8,Yes,3,9.2,High,Yes,7.2,No,5.7,F,17.0
S0606,Male,20,Mechanical,3,78.7,3.6,6.63,68.3,No,1,6.5,Medium,No,6.0,No,4.3,C,50.0
S0607,Male,18,Mechanical,3,62.6,0.2,4.42,61.1,Yes,2,6.0,Low,Yes,5.2,Yes,4.2,F,22.8
S0608,Male,22,Electrical,3,69.3,2.5,6.43,66.2,Yes,0,4.9,Medium,Yes,4.9,Yes,2.9,F,23.4
S0609,Female,19,Electrical,2,77.1,5.5,7.24,60.3,No,1,6.1,Low,Yes,5.5,No,4.9,D,36.1
S0610,Female,20,Electronics,3,71.5,3.3,5.64,67.0,Yes,2,7.0,Medium,Yes,6.9,Yes,3.2,D,34.6
S0611,Male,22,Mechanical,1,82.9,4.9,8.05,75.3,Yes,0,4.6,High,Yes,6.6,No,11.0,C,47.0
S0612,Female,21,MBA,4,78.1,4.7,6.67,52.7,Yes,3,5.4,Medium,Yes,8.2,Yes,9.4,D,43.5
S0613,Female,20,Mechanical,2,80.2,6.4,8.35,82.2,Yes,3,5.9,Medium,Yes,9.0,No,5.8,C,50.2
S0614,Male,19,Electrical,2,81.0,3.1,7.03,86.2,Yes,0,5.6,Medium,Yes,6.3,No,4.9,D,32.0
S0615,Female,19,MBA,1,60.2,4.2,6.05,67.0,No,4,5.5,Medium,Yes,4.9,No,3.7,D,35.5
S0616,Female,21,Computer Science,3,76.5,4.4,8.11,74.5,Yes,1,7.8,Medium,Yes,5.7,Yes,8.7,C,57.2
S0617,Male,25,Computer Science,1,73.2,5.5,8.36,81.6,Yes,1,4.5,Low,Yes,2.6,Yes,26.1,C,45.9
S0618,Male,21,BBA,4,73.2,,6.4,60.5,Yes,2,6.7,Medium,Yes,7.5,No,12.6,D,44.6
S0619,Female,20,Civil,3,84.8,3.5,8.24,65.3,No,1,7.1,Low,No,6.4,Yes,14.6,D,37.0
S0620,Female,21,Electrical,1,78.1,5.9,7.1,68.1,Yes,1,5.9,High,Yes,5.8,Yes,19.0,C,55.8
S0621,Male,20,Civil,3,78.8,2.4,6.43,50.4,No,3,6.2,Medium,Yes,6.4,No,5.3,C,45.9
S0622,Male,18,MBA,3,79.2,4.6,6.62,76.7,Yes,0,6.5,High,Yes,4.5,No,1.6,B,61.6
S0623,Male,20,Electrical,3,73.9,3.8,8.11,66.0,No,3,7.3,Low,No,5.0,Yes,10.7,D,42.9
S0624,Female,24,Electronics,2,68.4,2.2,6.2,59.7,No,1,8.3,Medium,Yes,5.7,Yes,3.1,D,39.8
S0625,Female,18,Mechanical,1,84.1,4.1,,85.2,Yes,0,5.0,Medium,Yes,6.7,No,9.4,D,39.1
S0626,Male,21,Electronics,1,69.8,3.3,4.18,,No,0,5.4,Medium,No,5.7,No,14.5,F,26.4
S0627,Male,19,MBA,2,72.7,5.1,8.07,68.2,Yes,2,5.5,Low,Yes,2.6,No,16.3,D,35.7
S0628,Female,20,Electrical,4,71.2,3.5,4.63,61.7,Yes,2,6.5,Medium,No,4.0,No,4.6,D,36.3
S0629,Male,18,MBA,1,74.4,5.9,6.62,66.5,Yes,1,6.0,Medium,Yes,5.3,No,8.2,C,46.8
S0630,Male,20,Mechanical,3,61.2,2.0,4.66,47.9,No,3,7.3,Low,No,6.4,Yes,10.7,D,34.9
S0631,Female,21,Computer Science,2,62.4,3.0,5.34,44.8,No,0,5.7,Low,No,6.7,No,18.1,C,50.4
S0632,Female,19,Computer Science,2,82.9,5.2,6.95,,Yes,2,5.4,Medium,Yes,5.9,No,15.3,C,52.0
S0633,Female,21,MBA,3,64.4,4.5,7.04,66.6,Yes,3,5.6,Medium,Yes,5.1,No,45.2,C,46.5
S0634,Female,21,Civil,4,78.6,5.7,8.14,82.3,Yes,2,6.6,Low,Yes,5.1,No,1.1,D,39.8
S0635,Male,23,Electrical,2,80.9,3.7,6.6,66.3,Yes,1,7.7,Low,Yes,6.9,Yes,6.8,D,44.4
S0636,Male,19,Electrical,2,75.4,4.9,8.61,87.4,Yes,1,6.4,Low,Yes,6.6,No,4.0,C,53.4
S0637,Female,19,Computer Science,2,73.0,5.5,7.62,69.5,Yes,3,5.8,Medium,Yes,5.2,No,2.3,C,49.3
S0638,Male,18,BBA,1,72.9,5.2,7.52,76.0,Yes,1,5.3,Medium,Yes,3.9,No,25.2,B,60.0
S0639,Male,25,Electronics,1,65.0,3.3,6.05,61.4,Yes,2,8.3,High,Yes,7.1,No,50.0,D,30.0
S0640,Male,23,BBA,2,71.0,4.5,7.44,63.3,Yes,1,4.4,High,Yes,4.6,No,3.0,C,48.1
S0641,Male,20,Mechanical,2,79.1,4.7,7.26,64.8,No,1,6.3,Medium,Yes,,No,1.4,F,26.3
S0642,Male,22,Electronics,3,84.3,4.5,6.39,58.5,Yes,2,7.4,Low,Yes,10.0,No,4.2,C,56.5
S0643,Male,20,Electronics,2,72.5,5.0,7.73,64.6,No,2,6.3,Low,No,3.4,No,19.0,D,43.4
S0644,Male,20,MBA,2,78.1,5.1,7.21,53.5,No,0,5.8,Low,No,7.1,Yes,4.5,C,47.1
S0645,Male,18,Computer Science,2,83.1,3.5,,65.4,Yes,1,7.1,High,Yes,8.1,No,1.6,C,50.2
S0646,Female,21,BBA,3,92.9,6.2,7.83,77.2,Yes,1,5.2,Medium,Yes,7.8,No,1.5,C,56.7
S0647,Female,18,BBA,4,,3.7,4.1,53.1,Yes,0,4.4,Low,Yes,5.0,No,6.6,F,23.1
S0648,Female,22,Computer Science,2,54.4,4.7,4.55,44.6,Yes,2,6.9,Medium,Yes,3.2,No,27.9,F,22.6
S0649,Female,21,BBA,3,66.8,3.1,5.98,65.1,Yes,0,5.3,Medium,Yes,6.1,No,4.4,F,27.8
S0650,Female,21,Computer Science,1,84.1,6.2,,76.9,Yes,2,6.7,Medium,Yes,8.3,No,6.6,C,49.3
S0651,Male,17,MBA,2,70.4,2.8,6.41,57.3,Yes,1,6.4,Low,Yes,3.1,Yes,2.1,F,29.6
S0652,Female,19,Civil,2,61.3,4.6,6.65,66.2,Yes,0,6.8,High,Yes,4.2,No,7.8,D,31.4
S0653,Female,19,Electronics,2,78.4,4.2,6.63,62.6,No,3,6.2,Medium,Yes,6.9,No,12.9,D,40.4
S0654,Female,19,MBA,3,77.8,3.3,7.23,70.4,Yes,0,7.2,Low,Yes,5.6,Yes,4.2,D,43.1
S0655,Male,18,Electrical,4,85.7,3.9,6.49,68.9,Yes,1,5.7,High,Yes,8.8,No,4.5,D,34.1
S0656,Male,23,Mechanical,1,70.7,3.3,,71.9,Yes,1,7.4,Low,Yes,8.5,No,19.5,D,34.3
S0657,Male,20,Civil,3,82.6,4.9,7.23,61.1,No,1,5.0,High,Yes,4.5,No,1.1,D,39.5
S0658,Male,19,Electrical,3,87.9,8.2,7.41,72.9,Yes,2,7.9,High,Yes,6.3,No,11.1,B,60.6
S0659,Female,19,Electronics,1,67.1,2.8,5.21,74.9,Yes,0,9.0,Medium,Yes,5.6,Yes,6.0,F,27.5
S0660,Female,20,BBA,1,85.3,4.5,,81.4,Yes,1,6.6,Medium,Yes,4.9,Yes,4.5,C,48.6
S0661,Male,20,Computer Science,2,75.1,4.0,5.97,60.0,No,2,8.4,Low,No,7.8,No,11.7,C,49.3
S0662,Other,20,Electronics,1,73.3,4.8,5.5,63.7,Yes,3,8.7,High,Yes,7.7,No,19.0,D,37.4
S0663,Female,23,MBA,1,74.0,3.2,6.76,59.8,Yes,0,6.1,Medium,Yes,3.0,Yes,9.2,D,34.0
S0664,Male,20,Mechanical,1,76.5,4.8,6.72,60.7,No,1,6.6,Medium,No,7.4,No,1.3,D,44.5
S0665,Male,25,MBA,2,55.5,0.0,4.0,59.9,Yes,1,5.5,High,Yes,4.5,Yes,7.2,F,11.8
S0666,Male,22,Civil,3,70.9,4.7,8.13,63.5,Yes,1,5.6,High,Yes,4.1,No,7.2,F,21.3
S0667,Male,19,Civil,2,84.0,3.0,,83.9,Yes,1,6.8,High,Yes,5.0,No,8.8,C,48.7
S0668,Male,23,Mechanical,4,81.5,2.6,8.29,75.6,No,2,4.5,Low,No,6.8,Yes,12.1,C,58.5
S0669,Male,18,Electrical,2,79.5,4.4,7.32,62.0,Yes,3,7.5,High,Yes,7.6,No,1.2,C,48.9
S0670,Male,22,Electrical,3,78.2,3.6,,50.7,No,1,6.7,Medium,Yes,5.5,Yes,8.0,C,52.6
S0671,Male,19,Civil,4,71.0,7.2,8.06,67.2,Yes,0,7.3,High,Yes,5.2,No,9.9,C,58.7
S0672,Female,22,Civil,3,88.4,,9.66,81.5,Yes,1,6.3,Medium,Yes,6.0,No,5.2,C,53.0
S0673,Male,22,BBA,2,89.7,5.5,6.86,63.1,Yes,0,7.3,Low,No,9.1,No,12.0,B,66.7
S0674,Female,22,Computer Science,3,70.7,3.2,6.33,77.1,Yes,1,6.8,Medium,Yes,1.8,Yes,3.6,D,40.8
S0675,Male,21,BBA,1,74.8,7.0,8.96,71.8,Yes,1,7.1,Medium,Yes,6.6,No,4.8,C,52.8
S0676,Other,19,BBA,2,69.3,2.4,6.09,54.7,Yes,3,7.6,Medium,Yes,7.6,Yes,33.9,F,25.7
S0677,Male,18,Electrical,2,79.5,3.7,7.47,81.1,Yes,1,5.0,Low,Yes,5.3,Yes,5.3,F,28.5
S0678,Male,20,Mechanical,2,86.8,5.7,9.95,87.4,Yes,3,5.7,Medium,Yes,,No,5.3,C,46.1
S0679,Other,18,Electrical,1,83.1,5.6,7.15,76.6,Yes,0,9.3,Low,Yes,8.0,No,10.1,B,64.3
S0680,Female,21,Computer Science,4,74.9,5.7,7.68,79.4,Yes,1,6.7,High,Yes,3.7,No,36.4,B,62.2
S0681,Female,19,MBA,3,62.7,4.2,7.18,49.2,No,1,4.4,Medium,Yes,4.2,No,41.8,D,41.1
S0682,Male,24,Civil,2,71.8,3.5,7.41,80.3,Yes,3,4.4,Low,No,3.6,Yes,9.7,D,42.1
S0683,Male,20,Civil,4,84.8,3.2,8.55,76.0,No,0,6.4,Low,No,7.8,Yes,1.0,C,57.6
S0684,Female,22,Computer Science,2,64.0,3.9,,62.5,Yes,2,5.9,Low,Yes,2.8,No,24.1,D,43.9
S0685,Female,18,BBA,4,65.5,5.0,6.79,64.5,Yes,3,5.5,Medium,Yes,,No,9.4,D,38.1
S0686,Female,22,Mechanical,2,90.7,3.7,6.88,66.8,No,3,8.7,Low,No,7.0,Yes,5.6,B,66.2
S0687,Female,23,Civil,1,61.6,3.5,6.9,60.3,No,1,6.1,Low,No,5.2,Yes,18.7,F,27.4
S0688,Male,20,Electronics,3,66.9,3.2,6.18,66.8,Yes,3,7.5,High,Yes,6.5,No,6.1,C,47.2
S0689,Female,20,BBA,3,87.2,8.1,7.82,75.7,Yes,1,6.8,High,Yes,5.8,No,1.3,C,52.4
S0690,Male,21,Civil,3,75.5,6.0,7.57,62.3,No,0,6.1,Medium,Yes,3.9,No,18.2,C,56.6
S0691,Male,18,Electronics,4,72.8,4.8,6.46,71.2,Yes,1,5.1,High,Yes,6.0,No,8.9,D,38.0
S0692,Male,20,Computer Science,3,88.1,0.2,8.21,64.4,Yes,0,7.4,Low,Yes,7.7,No,5.1,C,56.1
S0693,Female,19,Computer Science,3,89.0,4.9,8.11,78.6,Yes,2,3.7,Medium,Yes,7.2,Yes,3.9,B,60.3
S0694,Male,18,BBA,4,88.2,5.8,7.81,75.6,No,1,7.5,Medium,No,10.0,No,10.0,C,49.5
S0695,Male,19,Civil,3,75.7,4.8,7.67,59.1,Yes,1,6.7,Medium,Yes,5.3,No,3.3,C,52.2
S0696,Female,18,Electrical,2,58.2,6.1,5.24,61.8,No,2,7.2,Medium,No,5.0,No,4.9,F,26.0
S0697,Male,17,Electronics,4,71.2,3.0,5.21,65.0,Yes,1,6.5,Medium,Yes,6.5,No,11.1,C,49.1
S0698,Female,18,Mechanical,1,75.1,6.7,8.38,63.0,No,2,5.0,Medium,No,5.6,No,22.3,C,47.5
S0699,Male,24,Civil,3,92.1,3.0,,72.9,No,1,7.0,Medium,No,6.2,Yes,8.6,D,43.3
S0700,Female,20,Mechanical,4,72.0,6.0,,85.9,Yes,3,7.5,Low,Yes,4.4,No,15.2,D,39.3
S0701,Female,24,Civil,3,84.3,7.7,9.37,,No,1,5.9,Low,Yes,6.0,No,15.4,A,89.9
S0702,Male,20,Electrical,3,75.6,2.0,4.35,44.8,Yes,0,7.3,Low,Yes,7.3,Yes,11.9,C,50.8
S0703,Male,19,Electrical,3,83.3,6.1,6.33,68.2,Yes,4,6.9,Low,Yes,7.6,No,3.8,C,50.8
S0704,Male,20,BBA,2,79.7,5.6,8.2,61.7,No,1,7.0,Medium,No,6.4,No,21.2,C,51.3
S0705,Male,20,BBA,4,,1.4,5.89,,Yes,0,5.5,Low,No,3.5,Yes,6.7,C,49.0
S0706,Other,18,Electrical,1,67.6,3.2,6.37,57.8,Yes,4,8.0,High,Yes,5.6,Yes,1.5,F,27.5
S0707,Male,20,MBA,1,81.1,3.9,4.62,56.6,No,0,6.9,Low,No,6.7,Yes,3.8,C,48.9
S0708,Female,19,Electrical,1,85.1,4.8,7.23,64.9,No,2,7.5,Low,No,9.8,No,15.5,C,59.1
S0709,Male,20,Computer Science,2,66.2,4.3,5.99,55.3,Yes,2,6.0,Medium,Yes,7.8,No,1.7,D,40.1
S0710,Female,21,Computer Science,2,84.5,3.9,9.27,75.3,Yes,0,7.7,Low,Yes,7.7,Yes,2.6,B,65.9
S0711,Female,18,MBA,3,67.4,4.5,8.03,,Yes,1,6.0,Medium,Yes,5.7,No,12.8,D,43.8
S0712,Female,18,Electronics,2,77.5,4.8,6.93,75.8,Yes,2,5.4,Medium,Yes,6.0,No,23.3,C,48.5
S0713,Male,21,Mechanical,2,81.5,4.1,6.97,73.0,Yes,1,8.6,Low,Yes,7.8,No,11.0,C,50.6
S0714,Male,20,Civil,1,79.5,6.1,8.75,67.8,No,1,3.7,Low,No,5.3,No,3.5,D,41.1
S0715,Male,18,Civil,2,94.8,9.3,8.78,85.0,Yes,3,10.0,Medium,Yes,8.9,No,1.5,A,76.0
S0716,Female,25,MBA,3,68.8,3.3,6.07,54.8,Yes,2,7.3,Low,No,4.3,No,10.5,C,48.4
S0717,Female,18,Computer Science,1,83.0,4.5,6.14,50.0,No,3,6.1,Low,No,3.2,No,1.5,D,43.1
S0718,Other,21,BBA,1,63.8,2.8,6.38,52.3,No,1,6.9,Low,No,2.8,No,10.5,F,18.3
S0719,Male,25,Civil,1,76.2,3.2,5.58,66.9,Yes,3,7.3,Low,Yes,5.1,Yes,3.6,C,49.1
S0720,Female,19,Computer Science,1,66.6,11.8,4.25,51.3,Yes,1,6.1,Medium,Yes,8.2,No,24.5,C,51.4
S0721,Female,18,Electronics,2,68.2,4.4,5.83,45.3,No,1,8.9,Medium,No,5.2,No,7.4,D,38.7
S0722,Male,18,Mechanical,1,71.9,4.5,6.1,65.0,Yes,5,8.3,Medium,Yes,5.2,No,3.5,D,42.3
S0723,Male,19,Electronics,3,,3.8,5.08,56.4,No,2,9.8,Low,No,5.8,No,20.2,D,44.9
S0724,Female,18,MBA,4,82.6,4.4,7.01,64.6,No,3,5.0,Low,No,7.8,No,3.9,C,54.1
S0725,Female,21,Electrical,2,83.7,4.5,6.67,77.0,Yes,2,6.8,High,Yes,8.4,No,4.7,C,45.9
S0726,Female,18,Electrical,4,82.5,4.2,8.19,80.6,Yes,2,4.8,Medium,Yes,6.8,Yes,19.0,D,40.9
S0727,Male,20,Electrical,2,82.2,3.7,4.76,70.0,Yes,4,5.2,High,Yes,7.7,No,4.7,D,40.2
S0728,Female,25,Electronics,2,77.2,5.3,7.29,80.6,Yes,4,6.1,Medium,Yes,8.0,Yes,6.3,C,56.8
S0729,Male,22,Civil,4,63.8,3.5,7.25,72.8,Yes,0,6.1,Medium,Yes,1.8,Yes,5.3,D,32.4
S0730,Male,20,Mechanical,1,71.0,3.4,6.99,,Yes,3,6.9,Medium,Yes,3.6,No,2.2,D,40.9
S0731,Male,19,Electrical,4,79.6,6.9,10.0,80.4,Yes,1,6.4,Low,Yes,4.5,No,1.4,C,47.5
S0732,Female,20,MBA,1,83.1,2.6,,67.3,Yes,1,7.5,Medium,Yes,7.5,No,13.9,D,38.3
S0733,Female,20,MBA,2,67.1,4.7,6.19,59.6,Yes,2,6.9,Medium,Yes,5.2,Yes,11.4,D,30.7
S0734,Female,20,Electrical,1,78.3,3.5,7.27,68.2,Yes,0,8.5,Low,Yes,7.5,No,4.3,C,51.7
S0735,Male,18,Electrical,3,75.1,,5.98,52.2,Yes,0,7.5,Low,Yes,8.8,No,4.5,B,63.4
S0736,Female,22,Mechanical,3,75.9,5.5,6.77,74.8,Yes,2,5.1,Medium,Yes,2.3,No,30.0,B,67.0
S0737,Male,20,Electrical,3,90.0,4.2,9.49,78.8,Yes,2,6.3,High,Yes,4.7,Yes,45.0,B,62.4
S0738,Female,18,Mechanical,2,62.8,3.7,4.21,61.5,Yes,0,6.4,Medium,Yes,6.3,No,7.4,F,16.0
S0739,Male,19,MBA,2,62.9,3.7,5.54,75.1,Yes,1,7.0,Low,Yes,6.7,No,17.2,F,26.7
S0740,Male,20,Electrical,1,74.6,,7.18,63.5,Yes,2,7.8,Low,Yes,7.6,No,14.3,F,21.1
S0741,Male,22,Electronics,2,77.7,5.0,6.46,63.2,Yes,1,6.8,Medium,Yes,7.6,No,4.5,C,48.3
S0742,Male,21,BBA,4,77.1,4.4,6.82,69.5,Yes,1,7.2,Low,Yes,7.4,No,1.6,B,61.3
S0743,Female,21,Electronics,2,91.1,5.6,9.14,80.5,Yes,3,5.1,High,Yes,9.6,No,2.5,B,65.0
S0744,Female,17,MBA,4,78.7,4.8,5.62,60.0,Yes,2,5.9,Low,No,7.5,No,19.2,F,29.0
S0745,Male,20,Mechanical,4,76.3,5.1,8.25,76.3,Yes,1,4.2,Medium,Yes,6.3,No,14.1,C,55.5
S0746,Female,20,Electronics,2,,4.2,6.28,59.9,Yes,1,7.0,Medium,Yes,8.2,No,11.9,C,52.2
S0747,Male,17,Mechanical,3,85.6,,7.11,88.2,Yes,2,7.5,High,Yes,7.8,Yes,2.4,B,66.8
S0748,Female,19,Electronics,1,86.3,4.5,7.86,73.4,No,1,4.9,Medium,Yes,8.8,No,11.2,C,58.3
S0749,Female,21,Electronics,1,80.3,2.1,6.31,66.1,No,0,6.7,Medium,Yes,7.1,Yes,15.8,D,41.8
S0750,Female,18,Mechanical,1,64.5,3.7,6.48,64.8,Yes,0,6.4,High,No,6.7,No,20.7,F,24.4
S0751,Male,20,Civil,3,76.6,3.6,6.8,74.1,No,2,8.5,Low,No,5.2,Yes,1.1,C,53.6
S0752,Female,19,Electronics,2,80.7,4.5,8.65,69.1,Yes,0,5.4,High,Yes,6.5,No,12.5,B,60.7
S0753,Female,17,Electrical,2,84.8,7.0,8.3,82.3,Yes,1,7.6,Low,Yes,8.3,No,1.2,D,43.5
S0754,Male,19,BBA,2,77.2,3.8,8.29,62.7,Yes,1,7.9,Medium,Yes,7.9,Yes,13.3,D,36.8
S0755,Male,24,MBA,2,76.0,,6.42,85.4,Yes,2,6.3,Medium,Yes,4.5,No,11.1,D,39.1
S0756,Female,22,Civil,3,86.3,5.8,8.37,78.0,No,1,6.9,Low,No,7.1,No,2.6,C,56.2
S0757,Female,24,Mechanical,3,76.3,2.7,6.69,58.4,Yes,0,7.8,High,Yes,8.7,No,15.5,C,45.0
S0758,Female,20,Civil,1,70.4,5.0,,70.4,Yes,2,5.2,Low,Yes,3.6,No,1.7,D,39.5
S0759,Female,18,Computer Science,1,,4.4,9.14,83.8,No,1,6.0,Low,No,2.8,Yes,18.5,D,41.9
S0760,Female,20,Computer Science,3,75.8,3.3,6.35,55.0,No,3,6.7,Medium,No,7.8,No,4.0,F,29.2
S0761,Male,20,Electronics,2,76.7,4.7,6.7,72.1,Yes,0,9.0,Medium,Yes,5.8,No,12.7,C,53.7
S0762,Male,22,Electronics,3,68.8,3.9,5.83,56.0,Yes,1,6.0,Medium,Yes,8.6,No,26.7,D,32.7
S0763,Male,18,Electrical,2,79.2,3.5,8.11,81.4,Yes,2,6.2,Low,Yes,5.3,No,5.2,C,56.8
S0764,Female,20,BBA,2,74.7,1.8,5.68,54.1,No,3,8.4,Low,No,7.2,Yes,8.0,F,23.5
S0765,Male,18,MBA,1,76.5,3.1,4.81,60.4,Yes,4,7.3,Low,No,7.1,Yes,7.2,D,36.6
S0766,Female,19,Civil,1,80.6,4.2,7.63,63.5,No,1,9.1,Low,No,5.2,Yes,2.7,C,58.5
S0767,Female,21,Computer Science,3,80.0,5.7,6.76,65.7,Yes,0,7.8,Medium,Yes,9.8,No,9.9,C,53.6
S0768,Female,20,Electronics,2,74.3,4.3,7.0,55.1,No,3,6.3,Medium,No,5.3,No,14.6,D,35.9
S0769,Male,19,MBA,3,,6.5,7.62,76.8,Yes,1,6.2,High,Yes,5.9,No,25.9,D,42.0
S0770,Female,19,Civil,4,66.7,3.3,6.48,60.3,Yes,0,5.5,High,Yes,2.2,No,20.0,F,24.3
S0771,Male,20,Electronics,2,68.8,2.9,5.15,48.0,No,1,4.9,Low,No,2.6,Yes,8.1,D,32.0
S0772,Female,21,Electronics,3,77.7,4.2,6.8,71.2,Yes,0,6.9,Medium,Yes,7.8,No,13.7,C,58.6
S0773,Male,22,Computer Science,2,68.2,3.7,6.19,59.1,Yes,0,7.3,Low,Yes,6.5,Yes,17.1,D,41.1
S0774,Male,24,Computer Science,2,86.5,5.6,8.11,91.6,Yes,1,7.4,Low,Yes,6.2,No,7.8,C,57.4
S0775,Female,21,Electronics,3,71.5,5.1,8.86,73.0,No,3,6.4,Medium,No,4.8,No,2.2,C,49.2
S0776,Male,19,Mechanical,2,81.5,4.6,5.96,42.6,No,5,8.8,Low,No,8.3,No,6.8,D,31.2
S0777,Male,21,Electronics,3,74.4,7.0,7.18,64.2,Yes,1,4.9,Low,No,8.1,No,19.5,C,49.1
S0778,Female,20,MBA,1,72.6,4.9,7.14,63.7,Yes,2,4.7,High,Yes,4.8,No,10.1,C,46.2
S0779,Female,19,Electronics,3,90.1,6.3,8.8,78.9,No,0,5.5,Medium,No,7.8,No,13.9,B,65.4
S0780,Female,22,Electrical,4,86.5,6.1,9.63,93.4,Yes,2,6.5,Medium,Yes,5.5,No,3.0,C,52.0
S0781,Female,17,BBA,4,78.7,6.6,7.24,72.5,Yes,2,5.2,Low,Yes,6.7,No,34.3,D,43.2
S0782,Female,23,Electrical,3,75.9,4.3,5.79,74.5,Yes,1,8.1,Low,Yes,4.1,No,6.2,D,35.3
S0783,Male,20,Electrical,3,75.1,4.4,6.03,63.0,Yes,1,5.6,High,Yes,2.9,No,11.6,C,55.8
S0784,Male,20,Mechanical,2,80.9,5.3,7.52,69.7,Yes,4,5.4,Low,Yes,7.3,No,1.2,C,48.8
S0785,Male,21,Mechanical,3,80.5,6.8,,77.0,Yes,3,7.8,Medium,Yes,7.8,No,2.4,C,53.3
S0786,Female,22,Electronics,1,69.3,2.9,4.67,52.8,Yes,3,6.7,Low,Yes,6.5,No,16.2,F,28.3
S0787,Female,20,Electrical,2,69.9,2.9,8.15,74.5,Yes,0,7.4,Medium,No,4.6,Yes,35.4,F,28.2
S0788,Male,20,Mechanical,2,79.6,8.0,9.77,83.5,No,2,6.4,Low,No,5.0,No,4.9,C,58.4
S0789,Male,18,Computer Science,4,71.4,6.7,8.57,80.8,Yes,2,6.8,High,Yes,2.8,No,1.4,B,60.0
S0790,Female,20,Electronics,2,68.7,4.8,6.35,59.6,Yes,1,4.8,High,Yes,4.3,No,5.5,D,44.0
S0791,Male,18,MBA,2,79.1,4.9,6.51,67.9,No,2,6.3,Medium,No,5.8,No,1.2,C,52.9
S0792,Female,21,BBA,2,85.1,3.9,8.32,85.9,Yes,2,5.2,Low,Yes,5.6,Yes,3.1,C,57.4
S0793,Female,20,Civil,3,77.2,4.0,7.05,64.9,No,2,8.8,High,Yes,6.0,No,15.0,C,59.5
S0794,Female,21,Electronics,3,75.4,1.5,5.4,57.4,Yes,3,8.1,Medium,Yes,7.5,Yes,28.7,D,40.1
S0795,Male,17,Civil,1,70.7,5.1,6.8,75.5,Yes,4,5.7,Medium,No,5.7,No,1.9,C,46.2
S0796,Female,18,Electrical,2,78.1,5.4,7.67,70.2,Yes,3,6.3,Medium,Yes,5.4,No,9.2,C,49.4
S0797,Female,21,BBA,3,75.1,4.0,6.67,66.5,Yes,1,6.3,Low,Yes,6.0,No,3.9,C,47.6
S0798,Female,18,Civil,2,67.4,0.3,4.96,46.4,Yes,0,9.1,Low,Yes,10.0,Yes,2.5,F,29.4
S0799,Female,18,Electrical,1,69.8,5.8,7.5,48.7,No,3,7.0,Medium,No,7.0,No,3.5,D,36.4
S0800,Female,17,Computer Science,3,,6.6,8.5,60.3,No,0,6.0,Low,Yes,7.5,No,9.6,C,51.8
S0801,Female,24,Civil,3,74.3,4.1,6.28,71.5,Yes,0,6.7,Medium,Yes,6.8,No,1.7,C,50.0
S0802,Male,21,BBA,1,68.1,3.9,5.96,59.0,Yes,2,4.7,Medium,Yes,4.6,Yes,6.7,D,42.2
S0803,Female,19,Electronics,3,83.9,7.2,8.53,84.6,Yes,0,6.4,High,Yes,3.0,No,2.5,C,45.4
S0804,Female,19,Electrical,3,72.4,3.0,6.98,78.8,Yes,2,5.2,High,Yes,4.7,No,4.2,D,30.7
S0805,Male,19,Electronics,2,,4.9,7.46,72.0,Yes,1,4.3,High,Yes,5.9,No,3.1,C,52.0
S0806,Female,21,BBA,4,64.6,2.8,5.3,48.9,Yes,3,8.9,Low,Yes,6.3,Yes,22.5,D,31.4
S0807,Female,21,Mechanical,3,70.7,2.3,5.37,60.7,Yes,2,6.5,Low,Yes,8.1,No,13.3,C,55.5
S0808,Female,18,Electrical,3,90.5,4.0,9.16,90.2,Yes,5,5.6,Medium,Yes,3.7,Yes,21.3,B,61.9
S0809,Male,18,Civil,3,81.9,5.6,8.48,85.9,Yes,1,4.5,Low,No,4.7,Yes,5.8,D,39.0
S0810,Male,18,Electrical,1,75.1,5.1,7.47,66.6,No,0,6.2,Low,Yes,6.0,Yes,4.8,C,55.1
S0811,Other,21,Electronics,1,72.9,2.3,4.36,56.1,Yes,5,6.3,Medium,Yes,5.3,No,5.8,C,50.8
S0812,Female,21,Computer Science,2,79.4,3.1,5.59,66.3,Yes,0,7.4,Medium,Yes,9.1,No,1.2,D,41.6
S0813,Male,19,Electrical,1,66.4,1.8,4.66,55.8,Yes,2,5.4,High,Yes,,No,13.9,D,30.3
S0814,Female,17,Civil,2,,3.2,4.88,60.8,No,0,5.9,Low,No,3.1,No,5.3,F,21.5
S0815,Female,18,Mechanical,4,78.1,3.0,6.19,61.2,No,4,5.4,Low,Yes,5.3,No,4.8,D,31.6
S0816,Female,24,MBA,3,72.6,5.3,8.82,52.7,No,1,6.2,Low,No,5.7,No,10.1,B,60.9
S0817,Female,19,Computer Science,3,77.6,5.6,6.05,63.6,Yes,1,4.1,High,Yes,6.2,No,6.7,F,27.3
S0818,Male,21,Mechanical,4,71.6,3.3,5.89,58.3,No,2,5.5,Medium,No,6.0,No,40.6,D,30.3
S0819,Male,20,Electrical,3,81.5,4.3,6.82,75.1,Yes,0,7.3,High,Yes,6.6,No,5.4,C,47.1
S0820,Male,19,Electronics,2,64.8,6.7,,73.2,Yes,1,5.0,High,Yes,3.1,No,10.5,C,46.8
S0821,Female,19,BBA,1,78.8,5.0,7.48,78.2,Yes,3,7.7,Medium,Yes,7.1,No,4.7,D,43.9
S0822,Male,18,Electronics,2,64.6,3.9,6.96,53.4,No,2,7.5,Medium,Yes,4.6,Yes,47.7,C,45.3
S0823,Male,20,Civil,3,78.7,5.4,8.36,66.4,No,2,7.6,Low,No,6.6,Yes,6.9,D,34.5
S0824,Male,21,Electronics,2,73.2,4.6,6.48,72.5,Yes,1,6.5,Medium,Yes,3.8,No,11.1,F,25.0
S0825,Female,20,Computer Science,3,85.6,6.7,9.56,67.4,No,1,6.4,Medium,Yes,6.5,No,2.4,B,62.1
S0826,Female,20,Electronics,1,72.7,3.2,6.55,63.9,No,0,6.9,Medium,No,8.8,No,14.2,F,26.6
S0827,Male,17,Civil,3,62.0,2.5,4.7,62.2,Yes,0,8.1,High,Yes,6.0,No,4.1,D,32.9
S0828,Male,24,MBA,3,64.3,3.8,5.98,60.6,No,0,8.0,High,Yes,5.0,No,7.0,D,30.9
S0829,Female,21,Electrical,3,75.0,1.6,5.17,62.0,No,2,4.5,Medium,Yes,7.9,No,22.5,C,47.0
S0830,Male,19,BBA,4,71.8,0.3,5.75,69.5,Yes,0,5.5,Medium,Yes,8.2,Yes,36.3,F,26.4
S0831,Male,24,Electrical,3,83.2,5.9,8.51,74.0,No,5,5.2,Medium,Yes,3.6,No,6.5,B,68.4
S0832,Male,20,Electronics,4,87.9,4.8,6.58,70.7,Yes,1,7.4,Low,Yes,7.1,No,19.0,C,56.9
S0833,Male,20,Mechanical,4,70.8,2.0,4.64,59.7,Yes,3,5.7,Low,Yes,5.9,Yes,1.5,F,25.9
S0834,Male,21,Electrical,3,58.4,0.2,6.0,47.7,No,1,6.3,Medium,Yes,4.5,Yes,19.8,D,35.6
S0835,Female,22,MBA,3,71.3,4.3,6.42,74.9,Yes,1,8.5,Medium,Yes,3.3,Yes,10.9,D,38.6
S0836,Male,21,Electronics,1,90.9,4.9,9.09,85.3,Yes,0,7.8,Low,Yes,4.0,Yes,7.7,B,72.8
S0837,Female,18,BBA,2,78.4,4.5,7.54,77.9,Yes,2,8.2,High,Yes,4.2,Yes,23.1,C,56.7
S0838,Male,19,Civil,2,72.2,3.6,6.59,68.1,No,1,5.6,Low,Yes,3.1,Yes,19.7,D,39.4
S0839,Female,23,MBA,2,77.8,5.6,7.6,72.4,Yes,3,3.2,Low,Yes,6.0,No,4.5,C,52.5
S0840,Female,19,Electronics,2,74.4,11.6,5.99,59.3,Yes,2,6.0,Medium,Yes,7.8,No,16.7,B,60.1
S0841,Male,19,MBA,4,79.2,6.5,7.37,73.9,Yes,1,4.8,Low,Yes,3.4,No,2.0,B,62.4
S0842,Female,20,Electrical,4,71.1,4.7,4.68,80.8,Yes,2,4.2,Low,Yes,4.4,No,18.3,D,42.1
S0843,Male,20,BBA,4,71.8,,6.44,80.2,Yes,1,7.9,Low,Yes,5.3,No,12.3,C,49.1
S0844,Other,20,Civil,2,76.5,4.1,6.37,64.2,Yes,4,5.4,Medium,Yes,6.3,No,1.9,C,50.3
S0845,Male,23,Electronics,1,71.5,4.3,6.83,60.3,No,2,5.5,Medium,No,4.3,No,12.5,C,52.7
S0846,Male,19,Computer Science,1,79.3,4.8,6.23,63.1,No,1,6.1,Medium,Yes,4.0,No,9.7,C,57.0
S0847,Male,18,Civil,2,63.4,1.5,6.03,63.9,Yes,0,8.5,Medium,Yes,3.6,Yes,10.0,D,36.8
S0848,Other,18,Computer Science,1,71.6,3.0,5.86,56.7,No,2,6.3,Low,Yes,8.2,No,4.4,D,38.5
S0849,Female,22,MBA,1,81.2,7.6,6.38,72.4,Yes,0,7.6,High,Yes,10.0,No,4.1,C,45.7
S0850,Female,20,Mechanical,4,70.9,6.6,6.5,57.2,No,2,6.1,Low,Yes,6.0,No,15.4,C,49.5
S0851,Male,19,Civil,3,,5.9,7.0,69.9,Yes,1,4.6,High,Yes,8.5,No,4.0,C,50.1
S0852,Female,22,MBA,2,76.6,7.4,9.47,88.5,Yes,0,5.1,Medium,Yes,4.8,No,6.9,C,48.7
S0853,Male,22,Computer Science,1,86.3,6.7,8.37,56.0,Yes,2,6.5,High,Yes,5.8,No,12.9,D,40.9
S0854,Female,22,Electrical,2,,5.2,6.72,44.5,No,2,6.6,Low,No,7.0,No,1.8,C,58.4
S0855,Male,23,Electrical,1,75.7,6.7,7.78,64.9,Yes,0,7.2,Medium,Yes,5.9,No,10.0,C,51.5
S0856,Male,19,Mechanical,4,78.4,4.4,7.05,64.2,No,0,7.2,Low,No,7.0,No,9.9,D,37.6
S0857,Male,21,Civil,2,84.5,2.6,7.27,65.2,Yes,1,7.6,Low,Yes,6.0,Yes,12.5,C,49.8
S0858,Male,20,Civil,2,77.3,3.3,7.15,86.0,Yes,1,5.6,Medium,Yes,5.8,Yes,5.6,D,37.3
S0859,Female,22,Civil,2,,4.0,7.18,,No,3,8.7,Low,No,6.6,Yes,7.0,C,51.3
S0860,Male,21,MBA,1,,4.4,6.71,81.7,Yes,2,8.8,Medium,Yes,6.0,No,5.0,B,61.5
S0861,Female,21,BBA,3,73.0,2.1,6.31,63.4,No,2,5.9,Low,Yes,4.5,Yes,17.5,D,37.4
S0862,Male,21,BBA,3,76.9,4.3,7.32,55.8,Yes,1,5.5,Low,Yes,7.0,Yes,2.4,C,45.7
S0863,Female,18,Mechanical,3,73.7,2.3,5.63,48.0,Yes,2,4.4,Medium,Yes,6.8,No,34.0,D,34.9
S0864,Male,20,Civil,1,79.9,7.1,6.98,72.0,Yes,0,6.7,Medium,Yes,6.6,No,11.1,C,49.7
S0865,Male,25,MBA,2,88.0,,7.69,57.5,No,1,7.0,Medium,Yes,10.0,No,22.8,C,46.3
S0866,Female,23,Electrical,2,80.2,8.8,9.42,93.7,Yes,0,5.8,Medium,Yes,3.8,No,6.6,B,71.0
S0867,Male,17,Computer Science,4,69.3,5.9,6.2,59.3,Yes,4,6.8,High,Yes,7.1,No,5.0,D,44.1
S0868,Male,18,MBA,2,63.1,4.9,6.5,68.2,Yes,1,4.8,Low,Yes,5.9,No,24.1,D,37.8
S0869,Female,18,BBA,2,90.4,8.1,8.53,89.0,Yes,2,7.7,Medium,Yes,7.9,No,2.0,B,67.1
S0870,Female,21,BBA,3,79.4,,7.11,86.4,Yes,2,5.9,High,Yes,6.1,No,2.2,D,33.7
S0871,Male,22,Electrical,3,86.4,6.9,9.36,81.2,Yes,2,6.8,Medium,Yes,4.5,No,4.6,B,66.7
S0872,Male,19,Electrical,2,84.5,5.0,8.15,72.3,Yes,1,6.8,Medium,Yes,3.1,Yes,33.1,B,64.2
S0873,Female,20,Computer Science,2,59.7,2.0,4.0,42.2,Yes,0,4.1,Medium,Yes,5.8,No,11.0,F,12.1
S0874,Male,22,Electrical,2,71.6,4.3,6.78,72.1,No,1,7.5,Medium,Yes,5.1,Yes,9.1,D,44.7
S0875,Male,21,Mechanical,4,72.0,6.3,7.16,66.0,No,1,5.6,Medium,No,5.1,No,13.2,C,57.1
S0876,Male,20,Computer Science,2,68.2,3.5,6.7,55.6,No,1,6.7,Low,No,7.2,No,6.4,D,43.2
S0877,Female,20,Electrical,4,67.8,5.4,6.9,63.5,No,3,4.8,Low,Yes,2.8,Yes,15.2,C,48.4
S0878,Female,20,Electronics,2,87.4,6.5,8.77,75.0,Yes,2,5.9,High,Yes,4.7,Yes,6.0,A,78.3
S0879,Male,19,MBA,4,76.7,2.7,7.71,57.4,Yes,3,6.9,Low,Yes,6.9,Yes,18.5,D,44.5
S0880,Male,20,Electrical,4,52.2,2.3,,30.0,No,1,5.2,Medium,Yes,4.9,No,4.1,D,31.5
S0881,Male,21,Mechanical,2,77.0,4.4,5.93,56.3,Yes,1,5.3,Medium,Yes,8.4,No,4.3,D,44.4
S0882,Female,22,Civil,4,83.2,7.3,,94.7,Yes,3,6.7,Medium,Yes,3.0,No,8.4,C,54.0
S0883,Male,20,Electrical,1,80.9,3.6,5.9,59.6,Yes,0,6.3,Low,Yes,9.1,No,6.6,C,53.5
S0884,Male,21,BBA,4,86.1,6.6,9.3,79.5,Yes,2,6.9,Low,Yes,5.8,No,11.4,B,65.2
S0885,Female,18,BBA,3,76.8,4.9,7.93,79.6,Yes,1,6.1,High,Yes,3.4,No,5.5,C,50.4
S0886,Male,20,BBA,1,78.6,6.8,7.52,60.9,Yes,1,7.3,High,Yes,8.8,No,3.6,D,44.7
S0887,Female,17,Civil,3,81.7,4.1,7.13,68.2,Yes,2,5.8,Medium,Yes,6.6,No,7.3,D,37.6
S0888,Male,19,BBA,4,79.0,5.4,6.69,58.8,No,2,7.2,Medium,Yes,9.8,No,9.2,C,51.0
S0889,Male,21,Electronics,1,73.6,2.1,6.76,51.3,No,0,5.4,Medium,No,2.2,Yes,2.5,F,28.8
S0890,Male,25,Electrical,2,66.7,,6.91,61.3,Yes,0,5.8,Medium,Yes,3.8,No,9.1,D,43.6
S0891,Female,18,BBA,3,96.2,6.8,8.98,72.5,No,3,7.4,Medium,No,8.7,No,4.8,B,64.1
S0892,Female,20,Computer Science,3,83.4,4.8,6.08,58.9,No,1,5.9,Low,Yes,10.0,No,6.0,C,46.2
S0893,Female,22,Civil,2,64.9,4.3,6.24,58.9,No,0,5.1,Medium,Yes,6.8,No,4.3,D,35.5
S0894,Male,19,Electronics,1,83.7,5.1,8.75,63.0,No,1,8.6,Medium,Yes,8.6,No,27.8,C,51.1
S0895,Female,20,Computer Science,1,77.1,,6.37,76.2,No,0,6.5,High,Yes,4.4,No,12.5,C,53.3
S0896,Male,21,Computer Science,2,72.7,2.5,5.4,42.8,No,1,7.1,Low,No,6.2,Yes,4.0,D,30.1
S0897,Male,20,Computer Science,2,82.4,3.4,6.08,61.1,Yes,3,3.8,Medium,Yes,4.7,No,11.4,D,38.7
S0898,Female,18,Computer Science,4,68.5,2.6,4.49,51.2,No,1,8.1,Medium,No,8.2,No,19.9,D,30.5
S0899,Male,19,Electrical,1,86.6,6.8,10.0,94.7,Yes,0,9.7,Medium,Yes,9.0,No,6.1,C,59.6
S0900,Male,21,BBA,3,80.9,2.6,5.7,58.7,Yes,1,8.0,Low,Yes,6.8,Yes,18.7,D,44.6
S0901,Male,20,MBA,1,68.2,1.2,6.01,63.9,Yes,0,8.2,Medium,Yes,7.9,Yes,2.7,F,29.8
S0902,Male,17,Electrical,1,67.4,1.4,6.9,71.6,Yes,3,6.0,Medium,Yes,4.9,Yes,18.3,D,40.0
S0903,Male,21,Electrical,2,76.4,4.7,6.54,,No,2,6.8,Low,No,8.2,No,8.8,D,38.7
S0904,Female,17,Electronics,2,71.6,5.3,7.08,67.9,Yes,0,7.1,Medium,Yes,5.7,No,3.5,C,52.4
S0905,Male,21,Electronics,3,86.4,6.4,8.57,69.5,Yes,3,5.7,Medium,Yes,8.3,No,6.2,B,68.5
S0906,Female,19,BBA,4,68.8,6.4,7.05,65.1,Yes,2,6.4,Medium,Yes,4.5,No,45.2,C,51.7
S0907,Female,24,MBA,3,76.0,2.6,5.1,59.5,Yes,0,5.3,High,Yes,5.8,No,16.3,D,33.1
S0908,Male,19,Electronics,4,54.1,0.4,5.14,59.3,Yes,1,6.0,Low,Yes,2.9,Yes,9.6,F,11.4
S0909,Male,19,BBA,4,81.1,4.3,7.62,63.4,Yes,5,7.5,Low,Yes,7.4,Yes,2.2,C,55.5
S0910,Male,18,BBA,3,68.3,2.3,6.11,71.9,Yes,1,4.4,Medium,Yes,6.0,No,6.4,D,35.8
S0911,Female,19,Mechanical,4,76.3,3.0,7.19,58.1,No,0,7.6,Low,No,7.8,Yes,4.1,C,47.2
S0912,Male,22,MBA,3,88.2,6.2,9.78,95.0,Yes,1,4.6,Low,Yes,1.9,Yes,1.7,C,54.8
S0913,Female,25,Electronics,1,73.0,4.4,5.39,64.5,No,1,6.6,Low,No,5.2,Yes,8.8,D,35.5
S0914,Male,19,MBA,3,68.6,1.3,5.51,53.7,Yes,2,6.7,Low,Yes,5.7,Yes,23.0,D,40.9
S0915,Female,20,Electrical,1,65.4,3.7,4.97,68.4,Yes,1,7.2,High,Yes,5.5,No,12.3,D,31.4
S0916,Male,21,Electrical,3,75.6,3.8,4.0,50.5,No,2,6.3,Low,No,6.8,No,3.9,F,20.0
S0917,Male,22,MBA,3,,6.8,9.05,62.6,No,1,5.2,Medium,No,1.7,No,9.5,D,40.2
S0918,Female,20,Mechanical,1,74.1,3.4,5.26,61.2,No,3,6.7,Low,No,5.6,No,29.7,F,25.9
S0919,Female,19,Mechanical,1,,4.1,5.93,62.9,Yes,0,9.1,Medium,Yes,9.8,No,13.8,C,50.8
S0920,Male,20,MBA,4,74.0,2.8,5.59,47.6,No,1,6.5,Low,No,5.6,No,12.7,D,38.7
S0921,Female,21,Electronics,3,62.5,3.7,5.49,37.1,No,0,5.4,Medium,Yes,4.5,No,35.5,D,43.4
S0922,Female,17,Civil,1,65.2,1.7,6.71,52.6,No,1,5.9,Medium,Yes,4.9,Yes,17.0,F,20.0
S0923,Female,20,Mechanical,3,72.1,7.1,5.91,63.2,Yes,4,6.7,Low,Yes,6.0,No,2.5,B,62.0
S0924,Female,19,Computer Science,3,78.8,3.8,4.53,46.2,Yes,1,6.2,Medium,Yes,7.4,No,5.3,D,41.6
S0925,Male,21,Electrical,2,73.9,1.8,6.86,63.5,No,1,6.0,Low,No,5.2,Yes,34.6,F,27.0
S0926,Male,18,MBA,4,79.3,3.4,7.77,70.3,Yes,0,8.1,Medium,Yes,7.9,Yes,7.7,B,67.6
S0927,Male,20,Computer Science,3,83.0,1.8,7.11,55.5,Yes,3,7.1,Low,No,6.7,Yes,2.2,C,49.2
S0928,Female,20,MBA,2,79.1,4.7,7.1,70.2,Yes,2,6.4,High,Yes,4.5,No,7.1,D,41.8
S0929,Female,20,BBA,3,88.7,11.6,10.0,76.1,Yes,0,6.4,Low,Yes,3.3,No,12.9,A,78.8
S0930,Male,18,Electrical,4,73.7,5.5,7.82,59.9,No,2,6.7,Medium,Yes,5.7,Yes,50.0,D,32.3
S0931,Male,20,Electrical,1,72.2,5.0,,48.2,No,0,7.2,Low,No,2.9,No,4.9,C,46.9
S0932,Female,20,Mechanical,1,82.9,3.8,8.06,77.2,Yes,0,8.0,Low,Yes,4.1,No,8.2,C,47.1
S0933,Other,20,Mechanical,1,83.0,6.5,9.22,81.1,Yes,2,6.0,Medium,Yes,3.3,No,22.2,C,58.6
S0934,Female,20,Computer Science,3,74.4,2.9,5.06,71.6,Yes,2,5.3,High,Yes,7.1,No,5.4,F,27.5
S0935,Male,21,BBA,3,72.2,5.6,8.49,74.0,No,0,5.8,Low,No,3.1,No,2.2,D,38.1
S0936,Male,22,MBA,3,74.0,2.2,6.54,73.4,Yes,2,5.4,Low,Yes,5.8,Yes,30.7,D,42.8
S0937,Male,19,BBA,4,78.6,1.3,7.39,68.9,No,3,4.7,Low,No,3.1,Yes,7.7,F,15.1
S0938,Female,22,Electrical,3,78.4,2.7,5.94,47.3,No,1,8.2,Low,No,7.0,No,8.0,D,40.7
S0939,Male,20,Computer Science,1,75.2,4.5,8.11,78.3,Yes,1,7.5,Low,Yes,7.2,No,10.7,C,49.9
S0940,Female,18,Civil,2,72.7,6.1,7.31,70.1,Yes,1,3.8,Medium,Yes,5.5,No,1.0,C,47.7
S0941,Male,18,Computer Science,2,75.5,6.1,8.42,84.4,Yes,2,6.8,Low,Yes,,No,27.8,C,58.6
S0942,Female,19,Electronics,2,70.1,2.6,6.24,74.1,Yes,2,6.0,Low,No,3.0,No,5.5,D,31.9
S0943,Female,21,Computer Science,3,68.6,3.7,6.26,71.8,Yes,2,5.9,Medium,Yes,5.8,No,6.1,C,53.6
S0944,Female,21,BBA,4,79.3,4.2,7.46,59.7,No,2,3.5,Medium,No,6.0,Yes,2.9,F,26.2
S0945,Male,21,Electronics,2,87.5,5.2,10.0,90.1,Yes,2,6.5,Low,Yes,6.2,Yes,5.8,B,66.3
S0946,Male,20,Electronics,2,84.7,4.9,8.48,76.6,Yes,2,6.6,Low,Yes,5.9,No,17.3,C,55.6
S0947,Male,20,Electronics,3,93.1,6.1,8.81,88.5,Yes,0,5.1,Medium,Yes,6.3,No,17.1,C,59.0
S0948,Female,18,Civil,2,73.0,4.2,7.43,64.4,No,1,8.4,Low,No,5.1,Yes,28.5,C,50.0
S0949,Female,19,Computer Science,1,80.8,5.6,8.36,75.2,Yes,3,7.4,Medium,Yes,8.1,No,6.2,C,58.1
S0950,Female,20,BBA,2,73.1,4.4,5.86,46.6,No,1,5.2,Low,No,6.5,No,13.3,D,34.8
S0951,Female,18,Computer Science,1,75.7,4.2,6.65,66.5,Yes,3,7.7,Medium,Yes,6.8,No,8.1,D,42.6
S0952,Female,19,Civil,4,74.0,5.0,5.6,61.5,No,0,5.9,Low,No,5.9,No,17.3,F,28.6
S0953,Male,20,Electrical,1,84.9,5.2,6.33,72.6,Yes,3,7.8,Medium,Yes,7.3,No,13.5,D,44.2
S0954,Female,21,Mechanical,2,76.2,3.5,7.19,60.8,No,3,4.8,High,Yes,6.6,No,5.6,C,50.5
S0955,Male,25,BBA,2,59.4,5.1,4.91,56.6,No,2,6.7,Medium,Yes,3.0,No,5.1,D,37.9
S0956,Male,23,BBA,4,67.0,6.1,7.21,64.8,Yes,0,5.0,Low,Yes,3.0,No,3.9,C,45.9
S0957,Female,20,Computer Science,1,60.1,0.7,,35.4,No,1,5.5,Low,No,2.3,Yes,9.6,F,17.3
S0958,Male,20,Mechanical,1,73.5,5.6,8.0,70.5,No,1,4.2,Low,Yes,5.0,No,34.2,C,59.6
S0959,Male,20,MBA,1,83.3,5.6,6.57,70.5,Yes,3,5.0,Low,Yes,6.6,No,3.2,C,46.6
S0960,Female,21,MBA,1,83.4,4.7,8.62,70.8,No,1,5.0,Low,Yes,1.0,Yes,2.0,C,46.7
S0961,Male,18,Civil,1,84.5,3.6,7.62,62.5,Yes,2,4.9,Medium,Yes,5.2,Yes,2.3,B,62.9
S0962,Female,20,MBA,3,71.4,3.3,6.84,59.7,No,0,6.7,Medium,Yes,7.1,Yes,16.3,D,39.6
S0963,Male,22,BBA,1,64.6,2.1,4.46,62.0,No,1,4.4,Medium,Yes,5.5,Yes,5.3,D,39.7
S0964,Male,19,MBA,1,59.5,3.3,,49.5,No,1,6.9,Medium,No,1.4,Yes,3.5,F,28.6
S0965,Male,20,Electrical,3,76.6,4.2,5.76,54.6,No,1,7.7,Medium,No,8.2,No,5.4,D,41.8
S0966,Male,20,Electrical,2,81.7,4.3,8.21,73.5,Yes,2,5.4,Low,Yes,5.4,Yes,11.4,D,43.7
S0967,Female,18,Electrical,2,,4.7,6.97,63.5,Yes,1,6.4,High,Yes,5.2,No,8.9,D,42.6
S0968,Male,19,MBA,2,71.6,5.7,7.74,68.0,No,0,6.1,Low,No,6.1,No,14.6,C,50.2
S0969,Female,19,Civil,4,88.2,6.0,9.72,77.7,Yes,0,6.0,Medium,Yes,2.5,Yes,5.1,B,65.4
S0970,Male,17,Electronics,1,65.0,2.3,4.94,51.8,No,0,3.4,Medium,No,5.1,Yes,7.0,D,35.2
S0971,Female,17,Electronics,4,78.2,5.2,6.97,60.2,No,5,5.1,Medium,Yes,6.7,No,2.1,C,47.3
S0972,Female,22,Mechanical,3,75.3,4.0,7.21,65.9,Yes,0,8.3,Medium,Yes,6.1,No,1.8,D,37.2
S0973,Female,19,Electronics,1,70.3,4.4,8.39,64.0,No,3,6.9,Low,No,5.0,No,7.2,C,54.7
S0974,Male,20,Electronics,4,82.3,5.1,8.56,70.9,No,2,6.2,Medium,No,4.0,Yes,4.6,C,59.0
S0975,Male,19,Electrical,1,74.0,7.1,9.31,63.8,No,2,4.1,Medium,Yes,,No,10.5,C,54.6
S0976,Male,23,Electrical,1,77.6,4.7,5.23,66.0,Yes,1,7.2,Medium,Yes,5.8,No,1.4,D,43.5
S0977,Female,19,MBA,3,68.7,3.5,4.67,52.3,Yes,2,5.4,High,Yes,4.4,No,2.3,D,34.6
S0978,Male,20,Mechanical,3,74.3,3.9,7.57,67.8,No,1,5.0,Low,No,5.9,Yes,21.0,D,37.3
S0979,Female,22,Computer Science,3,72.6,5.2,6.91,68.9,Yes,0,5.1,Low,Yes,2.7,No,9.4,F,28.4
S0980,Female,22,BBA,1,84.3,5.6,8.02,72.8,No,1,7.1,Low,No,7.6,No,13.4,C,54.9
S0981,Male,18,Mechanical,2,67.9,2.1,6.49,55.6,No,2,6.4,Low,Yes,5.9,Yes,19.4,F,25.7
S0982,Female,22,Mechanical,3,68.3,4.7,4.37,42.9,No,0,7.5,Medium,Yes,4.9,No,7.2,D,30.5
S0983,Male,20,Civil,2,79.2,5.4,8.79,76.7,Yes,1,7.9,Medium,Yes,7.2,No,15.3,C,47.9
S0984,Male,20,MBA,2,64.6,4.1,8.06,74.5,No,3,5.6,Medium,Yes,3.4,Yes,8.4,D,40.1
S0985,Female,18,Civil,1,81.4,4.4,6.36,67.3,Yes,1,6.4,High,Yes,7.8,No,3.5,C,50.0
S0986,Female,18,Mechanical,1,,3.7,4.35,49.6,Yes,3,6.1,High,Yes,5.4,No,5.1,F,11.3
S0987,Female,21,Mechanical,4,78.9,2.9,5.3,64.6,No,1,4.9,High,Yes,7.7,Yes,7.7,D,43.2
S0988,Male,20,Mechanical,2,82.6,4.5,7.78,81.5,Yes,0,5.0,Low,No,7.4,Yes,4.8,C,53.2
S0989,Male,20,Electronics,4,78.0,5.5,6.76,59.6,No,0,6.3,Medium,No,6.4,No,5.1,C,55.1
S0990,Female,21,BBA,2,72.9,0.9,,49.5,No,2,6.4,Low,Yes,8.9,Yes,5.1,F,29.7
S0991,Female,21,BBA,3,74.3,6.1,7.54,54.6,No,0,6.4,Low,No,3.0,No,2.3,C,52.0
S0992,Female,18,Civil,1,80.7,3.1,6.32,67.4,No,1,6.4,Medium,Yes,7.6,Yes,1.9,C,45.4
S0993,Male,20,Mechanical,2,71.1,5.4,7.9,80.2,Yes,2,5.5,Low,Yes,5.3,No,1.5,C,51.6
S0994,Female,18,BBA,1,61.8,1.2,5.56,69.1,Yes,2,9.0,Low,Yes,6.3,Yes,2.2,F,23.3
S0995,Male,21,Electrical,2,,1.9,6.87,51.5,Yes,1,6.8,Low,Yes,4.2,Yes,5.2,C,49.4
S0996,Male,21,BBA,2,71.9,5.8,7.1,61.0,No,1,5.8,Low,No,3.2,No,10.0,C,49.0
S0997,Female,24,MBA,4,74.0,6.2,7.13,67.8,Yes,2,7.0,High,Yes,8.3,No,3.1,B,66.9
S0998,Male,18,MBA,3,60.3,2.5,5.75,40.2,No,2,5.5,Low,No,2.8,Yes,22.9,F,22.0
S0999,Female,18,BBA,1,79.8,5.7,9.02,89.3,Yes,2,6.5,Low,Yes,4.7,No,17.5,C,53.8
S1000,Male,19,Electrical,1,82.2,6.7,8.49,71.1,No,1,7.0,Medium,Yes,6.3,No,8.4,C,46.6
S0038,Male,21,Electronics,4,,1.0,5.61,68.7,Yes,1,5.5,Medium,No,4.1,Yes,4.7,D,42.0
S0037,Male,19,BBA,3,84.2,5.2,7.26,74.5,Yes,1,7.5,Medium,No,9.7,No,1.2,C,47.5
S0848,Other,18,Computer Science,1,71.6,3.0,5.86,56.7,No,2,6.3,Low,Yes,8.2,No,4.4,D,38.5
S0886,Male,20,BBA,1,78.6,6.8,7.52,60.9,Yes,1,7.3,High,Yes,8.8,No,3.6,D,44.7
S0977,Female,19,MBA,3,68.7,3.5,4.67,52.3,Yes,2,5.4,High,Yes,4.4,No,2.3,D,34.6
S0126,Male,20,MBA,3,60.1,,6.36,68.3,Yes,1,6.6,Low,Yes,3.1,No,1.3,F,20.8
S0170,Female,19,BBA,1,,5.4,5.45,50.4,No,0,7.4,Low,No,,No,10.4,D,31.6
S0301,Male,17,Computer Science,4,76.1,2.5,6.69,62.6,No,0,6.1,Medium,Yes,5.8,Yes,50.0,D,44.0
